site_name,year,hab_rch,hr_length_m,n_cu,n_seg,n_pool,n_run,n_riffle,n_rapid,n_oca,n_ssc,n_slow,n_fst_turb,cu_freq,pool_freq,run_freq,riffle_freq,rapid_freq,oca_freq,ssc_freq,slow_freq,fst_turb_freq,pool_perc,run_perc,riffle_perc,rapid_perc,oca_perc,ssc_perc,slow_perc,fst_turb_perc,pool_turb_ratio,fish_cov_tr_veg,fish_cov_aq_veg,fish_cov_lwd,fish_cov_art,fish_cov_total,fish_cov_none,sub_est_sand_fines,sub_est_gravl,sub_est_cbl,sub_est_bldr,sub_est_cbl_bldr,hr_d16_mm,hr_d50_mm,hr_d84_mm,n_lwd_bankfull,n_lwd_wetted,lwd_wetted_freq,lwd_bankfull_area_m2,lwd_wetted_area_m2,lwd_bankfull_vol_m3,lwd_wetted_vol_m3,lwd_bankfull_slow_vol_m3,lwd_wetted_slow_vol_m3,n_jam,n_jam_pieces,jam_area_m2,jam_vol_m3,n_lwd_all,wood_all_area_m2,wood_all_vol_m3,undct_length_m,undct_area_m2,undct_perc,hr_ms_sin_cl,hr_sin_cl,hr_thlwg_dpth_cv,hr_braidedness,hr_discharge_cfs,hr_thlwg_dpth_avg_m,hr_max_depth_m,hr_avg_pool_dpth_m,hr_avg_resid_pool_dpth_m,obs_water_temp_c,obs_conductivity_ms,elev_m_dem,geometry
Arbon,2019,1,157.1,7,1,3,1,1,1,1,0,4,2,4.46,1.91,0.64,0.64,0.64,0.64,0,2.55,1.27,31.7,14.3,46.7,4.2,3.1,0,34.8,50.9,0.62,6.1,0,11.1,0,17.2,84.3,9.3,43,30.4,17.3,47.7,24.1,54.5,179.6,8,7,4.46,15.15,14.73,4.81,4.71,3.14,3.14,3,21,54.8,69.8,29,69.95,74.61,9.1,7.45,5.8,1,1,12.75,1,47.26,0.41,0.91,0.826666667,0.42,NA,NA,1178,"list(c(265920.071322753, 265919.864968524, 265920.541506516, 265921.496134521, 265921.516485041, 5037430.21771427, 5037425.57664994, 5037418.8063465, 5037413.45106253, 5037413.37736224), c(265921.249811515, 265921.357126627, 265920.502839556, 265920.071322753, 5037452.63868639, 5037451.76823718, 5037439.92285157, 5037430.21771427), c(265919.170766338, 265920.157412956, 265920.450206544, 5037504.56407035, 5037501.96123117, 5037499.88984605), c(265917.683203696, 265916.045281601, 265913.62385702, 265912.68480091, 
265912.696082574, 5037547.62981978, 5037541.85187668, 5037532.26438471, 5037525.57389567, 5037525.4347331), c(265919.420726618, 265918.184173466, 265917.683203696, 5037553.9870727, 5037549.39704533, 5037547.62981978), c(265924.381320709, 265924.237025403, 265920.100566732, 265919.420726618, 5037562.5342601, 5037562.20902395, 5037556.51060973, 5037553.9870727), c(265912.696082574, 265913.652181886, 265915.191390632, 265916.86998007, 265917.442808979, 265917.89137675, 265919.776737807, 265920.485384418, 
265921.249811515, 5037525.4347331, 5037513.64101063, 5037507.86497894, 5037494.7521324, 5037485.19967631, 5037477.85133786, 5037467.51680324, 5037458.83908104, 5037452.63868639))"
Arbon,2019,2,156.5,7,1,3,1,3,0,0,0,3,3,4.47,1.92,0.64,1.92,0,0,0,1.92,1.92,27.7,6.7,65.5,0,0,0,27.7,65.5,0.42,9.2,0,13.2,0,22.4,82.2,27.8,32.7,29.6,9.8,39.4,16.4,54.5,154,8,7,4.47,19.06,17.86,6.85,6.09,5.48,4.72,3,20,65,110.6,28,84.06,117.45,0,0,0,1,1,16.24,1,47.26,0.37,1.4,1.106666667,0.72,NA,NA,1178,"list(c(265951.818499077, 265948.976617229, 265943.12932792, 5037595.60849199, 5037591.94592358, 5037586.57775961), c(265960.877719936, 265960.441227878, 265954.505536373, 265951.818499077, 5037607.16094399, 5037606.03529843, 5037599.07150423, 5037595.60849199), c(265974.855739327, 265969.585740486, 265963.523962771, 265960.877719936, 5037646.94891516, 5037627.10286536, 5037613.98520335, 5037607.16094399), c(265979.526997722, 265976.705274602, 265974.867889504, 265974.855739327, 5037662.36409373, 
5037652.8556517, 5037646.99467109, 5037646.94891516), c(265982.423987359, 265981.140177059, 265979.831926426, 265979.526997722, 5037672.5204101, 5037668.01347951, 5037663.36999196, 5037662.36409373), c(265982.423987359, 265982.532177412, 265982.567390853, 5037672.5204101, 5037689.79150339, 5037701.98817089), c(265943.12932792, 265940.534704647, 265937.225227338, 265932.336467503, 265925.586516633, 265924.381320709, 5037586.57775961, 5037584.19574362, 5037581.23979915, 5037574.6769032, 5037565.25072727, 
5037562.5342601))"
Barton,2019,1,187.9,8,1,4,1,3,0,0,0,4,3,4.26,2.13,0.53,1.6,0,0,0,2.13,1.6,40,13.7,46.2,0,0,0,40,46.2,0.87,5.8,0,11.4,0,17.2,85.7,12.2,28.7,42.8,15.9,58.7,30.5,87.7,220.5,11,8,4.26,28.24,23.67,8.94,7.34,6.38,6.3,4,38,163.5,359.8,49,191.74,368.74,3.6,1.77,1.9,1,1,28.74,1,53.85,0.4,1.12,0.945,0.535,NA,NA,1107.05,"list(c(265693.384116941, 265693.530087948, 265693.82170655, 265695.424129732, 265696.18689277, 5032499.49709885, 5032500.17680499, 5032508.00609552, 5032522.09692918, 5032524.69069909), c(265696.18689277, 265698.817232669, 265702.009354801, 265702.213338709, 5032524.69069909, 5032533.63516396, 5032542.4530196, 5032542.74454523), c(265728.967107485, 265729.03253576, 265734.575284058, 265742.322823669, 5032567.54820617, 5032567.59636775, 5032571.50414546, 5032578.10372837), c(265742.322823669, 265742.556873912, 
265752.375030254, 265765.676964577, 5032578.10372837, 5032578.30309963, 5032582.88833997, 5032589.05099327), c(265789.424426773, 265794.841390772, 265800.771952569, 5032602.24438336, 5032605.59241659, 5032609.87309265), c(265686.906792721, 265690.922694891, 265693.384116941, 5032477.85916466, 5032488.03563642, 5032499.49709885), c(265702.213338709, 265707.520861443, 265715.996241107, 265723.225453962, 265728.967107485, 5032542.74454523, 5032550.32985506, 5032557.28067291, 5032563.32179596, 5032567.54820617
), c(265765.676964577, 265765.729923623, 265776.184961929, 265782.939446404, 265789.415049098, 265789.424426773, 5032589.05099327, 5032589.07552875, 5032592.90144914, 5032597.04807969, 5032602.23858736, 5032602.24438336))"
Barton,2019,2,192.3,4,1,2,0,2,0,0,0,2,2,2.08,1.04,0,1.04,0,0,0,1.04,1.04,24.9,0,75.1,0,0,0,24.9,75.1,0.33,7.5,0,12.3,0,19.8,87.7,7.5,31.7,50.1,10.7,60.8,47,131.5,263.5,5,4,2.08,9.79,8.71,3.42,3.22,1.47,1.47,1,7,150,255,12,159.79,258.42,8.5,6.17,4.4,1.02,1.02,17.22,1.02,53.85,0.38,1.2,0.85,0.445,NA,NA,1107.05,"list(c(265810.221587461, 265810.403198401, 265817.979183131, 265823.806268921, 265826.08958379, 265826.237688999, 5032613.57626138, 5032613.68435527, 5032619.26393499, 5032623.82757737, 5032627.53581466, 5032627.8051362), c(265826.237688999, 265830.434405158, 265836.580799938, 265839.29265927, 5032627.8051362, 5032635.43665406, 5032644.96021688, 5032650.45379112), c(265800.771952569, 265800.90864289, 265806.367643016, 265810.221587461, 5032609.87309265, 5032609.97175578, 5032611.28241558, 5032613.57626138
), c(265839.29265927, 265839.360198465, 265845.403668847, 265850.98300999, 265857.405473216, 265860.762139234, 265863.347295318, 265867.15065794, 265869.530216147, 265876.016581986, 265883.578976034, 265889.335908716, 265892.056579475, 265890.727333189, 265891.062229639, 5032650.45379112, 5032650.59060939, 5032657.63494296, 5032662.78149783, 5032672.48602377, 5032679.43632747, 5032687.37146447, 5032699.08571663, 5032705.11627887, 5032716.53944694, 5032727.9225708, 5032737.84311573, 5032753.039687, 
5032764.37131037, 5032769.88392085))"
Barton,2019,3,201.1,11,1,5,1,5,0,0,0,5,5,5.47,2.49,0.5,2.49,0,0,0,2.49,2.49,45,9,46.1,0,0,0,45,46.1,0.98,6.4,0,3.7,1.3,11.4,91.5,19.8,32.5,32.4,15.3,47.7,27.3,65.8,139.8,11,8,3.98,32.09,27.1,10.64,8.64,7.27,7.09,0,0,0,0,11,32.09,10.64,6.3,3.1,3.1,1.01,1.01,15.85,1.01,53.85,0.43,1.3,1.026,0.572,NA,NA,1107.05,"list(c(265891.062229639, 265891.075056265, 265893.879940369, 265894.621117766, 5032769.88392085, 5032770.09505536, 5032780.31669747, 5032787.47032119), c(265891.63844814, 265889.085756745, 265888.017523722, 5032808.80675365, 5032817.97482254, 5032822.95490615), c(265883.291018929, 265882.056917119, 265881.307018181, 5032835.22563715, 5032841.27880232, 5032847.8847783), c(265881.307018181, 265881.29492528, 265881.333121762, 265881.927459578, 5032847.8847783, 5032847.96193863, 5032859.37631147, 5032863.20350738
), c(265881.927459578, 265882.750319955, 265883.544754438, 265883.376435098, 5032863.20350738, 5032868.50226304, 5032878.98995554, 5032881.77186373), c(265883.376435098, 265883.371398816, 265885.40099504, 265886.440229648, 5032881.77186373, 5032881.85510125, 5032889.0556805, 5032899.31215811), c(265886.440229648, 265886.456085425, 265890.040764984, 265894.50885217, 265897.97801759, 265899.153036162, 5032899.31215811, 5032899.46864305, 5032908.77017109, 5032916.6352311, 5032919.37445361, 5032924.38345827
), c(265899.153036162, 265901.98022681, 265901.889981056, 265901.871623098, 5032924.38345827, 5032936.43555845, 5032948.48596242, 5032948.57512438), c(265901.871623098, 265900.064897386, 265898.499682495, 5032948.57512438, 5032957.35014646, 5032963.89085518), c(265894.621117766, 265894.498267155, 265891.937172006, 265891.63844814, 5032787.47032119, 5032796.93007617, 5032807.73387995, 5032808.80675365), c(265888.017523722, 265887.986042791, 265884.832990924, 265883.333834756, 265883.291018929, 5032822.95490615, 
5032823.10166986, 5032830.37137845, 5032834.95244669, 5032835.22563715))"
Granite Mt Bridge,2021,1,478.6,5,2,2,0,2,0,0,1,2,2,1.04,0.42,0,0.42,0,0,0.21,0.42,0.42,7,0,77.1,0,0,16,7,77.1,0.09,16.9,0,2,0,18.9,81.5,1.9,25.3,52.8,20,72.8,72.2,163.5,244.3,12,9,1.88,22.29,12.47,5.78,3.73,0.29,0.29,2,10,15.22,11.57,22,37.51,17.35,11.9,7.34,2.5,1.11,1.1,19.49,1.31,36.32,0.37,0.9,0.795,0.365,12.5,96.7,1338.31,"list(c(271126.679085676, 271129.982893632, 271134.595492331, 271137.289936219, 271140.161990199, 271145.741707244, 271148.008486815, 5046602.70933147, 5046607.90892144, 5046618.49183834, 5046631.36163067, 5046643.00567194, 5046652.66647706, 5046655.63684552), c(271148.008486815, 271149.947277942, 271154.99694751, 5046655.63684552, 5046662.65366124, 5046666.41097501), c(271154.99694751, 271158.169562199, 271163.568218086, 271173.282785606, 271174.182762242, 5046666.41097501, 5046667.78879193, 5046667.42554878, 
5046666.84506667, 5046667.65736854), c(271174.182762242, 271177.767707576, 271181.869060959, 271185.686617323, 271191.072109516, 271194.721126247, 271199.120241035, 271201.50908591, 271202.634740349, 271203.885232396, 271204.727548107, 271204.914627889, 271202.615090016, 271199.662539416, 271197.568968126, 271195.712678879, 271193.278183314, 271189.403013433, 271186.901647046, 271186.206654938, 271185.090536828, 271184.234110091, 271185.44205498, 271187.064458356, 271189.404367274, 271193.504555316, 
271200.162492256, 271208.077651136, 271213.462974917, 271218.949186269, 271224.025896646, 271229.63288927, 271236.959781712, 271244.137832706, 271252.758066522, 271257.72060897, 271263.418577157, 271268.815481524, 271275.072971639, 271279.047919923, 5046667.65736854, 5046670.89307559, 5046676.61768173, 5046680.66236295, 5046685.0099825, 5046690.52943153, 5046695.33757169, 5046699.19211126, 5046701.51607408, 5046706.11757614, 5046710.94145084, 5046718.34105915, 5046727.0116073, 5046737.51052429, 5046744.12643677, 
5046751.14931476, 5046763.65205014, 5046776.29052907, 5046783.91883955, 5046795.33271857, 5046804.35126941, 5046817.43355663, 5046826.14548606, 5046837.65075989, 5046845.86363492, 5046850.98328249, 5046857.72234127, 5046868.15648906, 5046872.50398617, 5046875.73700741, 5046880.24008776, 5046885.5847453, 5046889.00982711, 5046894.05851966, 5046898.70185658, 5046903.49955341, 5046909.74838518, 5046915.17610644, 5046919.04842041, 5046921.72716766), c(271156.058847128, 271157.133172039, 271158.355296567, 
271161.229207611, 271163.86670677, 271167.194315981, 271172.090644453, 271176.226784168, 271178.972342266, 271180.020218041, 271181.412800933, 271183.009469456, 271185.196505304, 271186.187661001, 271188.036041499, 271188.21084759, 271188.413601998, 271189.434973713, 271190.717842013, 271195.247121745, 5046670.40736734, 5046673.60456329, 5046678.30815221, 5046683.16423937, 5046685.84788801, 5046688.04989805, 5046689.00097119, 5046691.43346943, 5046693.65675034, 5046697.2698313, 5046701.20225763, 
5046705.02349294, 5046709.05136565, 5046712.25158352, 5046716.12585497, 5046719.77082295, 5046723.04133395, 5046725.92924624, 5046727.99849737, 5046729.27588102))"
Granite Mt Bridge,2021,2,258,2,1,1,0,1,0,0,0,1,1,0.78,0.39,0,0.39,0,0,0,0.39,0.39,5.7,0,94.3,0,0,0,5.7,94.3,0.06,9.4,0,0.6,0,10,90,0,20.6,60,19.4,79.4,48.1,77,309,8,5,1.94,9.62,7.35,2.62,2.18,0.26,0.04,0,0,0,0,8,9.62,2.62,8.65,3.53,3.4,1.07,1.07,23.88,1.07,36.32,0.38,1.06,1.06,0.74,12.5,96.7,1338.31,"list(c(271279.047919923, 271280.150568033, 271283.611833918, 271287.045030721, 271290.75013552, 5046921.72716766, 5046924.36986008, 5046927.38640074, 5046927.92486661, 5046927.01116101), c(271290.75013552, 271295.276720065, 271301.703037164, 271306.973816798, 271311.568398011, 271316.172234172, 271320.982169729, 271324.685154035, 271328.480788595, 271331.667350104, 271335.229058152, 271340.075997442, 271343.450108024, 271347.039581887, 271349.818519571, 271352.365910541, 271355.485284086, 271356.756698947, 
271356.226489901, 271356.409519713, 271355.344390533, 271353.378459609, 271351.516721296, 271350.340423672, 271348.751920819, 271345.943064997, 271343.641340164, 271341.811996406, 5046927.01116101, 5046928.41547722, 5046933.26230097, 5046940.69209353, 5046949.16288924, 5046957.88742578, 5046967.36666701, 5046975.87003009, 5046986.91077316, 5046995.94115012, 5047005.46598136, 5047015.9601868, 5047025.23779558, 5047035.52384615, 5047043.1716953, 5047054.25802802, 5047066.33978036, 5047076.71047723, 
5047086.63880697, 5047096.54109347, 5047106.48895626, 5047116.21563639, 5047123.90590368, 5047130.80891392, 5047136.20251966, 5047142.40291777, 5047147.82257, 5047149.94334438))"
Granite Mt Bridge,2021,3,199.8,8,4,3,0,2,0,0,3,3,2,4,1.5,0,1,0,0,1.5,1.5,1,28.3,0,28.5,0,0,43.2,28.3,28.5,0.99,23.3,7.9,1,0,32.2,72.2,10.1,37.9,44.9,7,51.9,55.5,218,309,3,2,1,10.71,10.42,4.66,4.62,4.66,4.62,2,20,21.4,22.88,23,32.11,27.54,12.45,11.98,6.2,1.03,1.09,37.59,1.82,36.32,0.31,0.81,0.773333333,0.37,12.5,96.7,1338.31,"list(c(271341.811996406, 271341.311367593, 271338.498984229, 271334.225798353, 271332.07163144, 271332.042208325, 5047149.94334438, 5047150.98422477, 5047156.18511501, 5047160.96832155, 5047165.92351037, 5047166.13943462), c(271332.042208325, 271331.282383113, 271330.715232819, 271332.048534922, 271331.929238728, 271329.467884509, 5047166.13943462, 5047171.71548942, 5047177.4993525, 5047182.78512367, 5047186.35757812, 5047193.1333226), c(271340.138645681, 271342.313748605, 271345.274394382, 271347.284950636, 
271345.975925095, 271345.93140313, 271344.784125494, 271343.013997663, 271341.489929723, 271338.943310029, 271338.354621495, 271339.069416091, 271337.810531132, 5047161.50049724, 5047164.09260501, 5047164.23342809, 5047164.57490514, 5047167.48549045, 5047169.68606529, 5047172.46627339, 5047174.14900722, 5047177.18899734, 5047182.36737656, 5047185.62505616, 5047187.03040155, 5047188.96408449), c(271330.344628151, 271330.297164296, 271330.138925457, 271329.752171287, 271329.31940018, 271329.253194634, 
271329.71536453, 271330.177534929, 271330.633499115, 271330.272072409, 271330.187247233, 271329.467884509, 5047218.19632364, 5047216.12557372, 5047213.9757201, 5047212.11784772, 5047210.0914744, 5047208.27862275, 5047205.65229442, 5047203.02596614, 5047200.22968308, 5047197.97379555, 5047195.65107941, 5047193.1333226), c(271326.221340042, 271324.414374711, 271322.651875182, 271320.88937772, 271320.188848821, 271318.537401829, 271316.787036516, 271314.301669787, 271312.189870404, 271309.934686327, 
271308.254951822, 271307.221288572, 271306.528852189, 271307.704002487, 271309.418217034, 5047205.92500078, 5047208.20757788, 5047211.70765214, 5047215.2077251, 5047217.33906279, 5047220.83507786, 5047224.6671913, 5047226.64205549, 5047229.71156547, 5047231.89968095, 5047234.62092317, 5047236.7644238, 5047239.11711845, 5047240.84745694, 5047242.11479174), c(271328.363913927, 271325.265758496, 271322.171647155, 5047215.87679565, 5047217.81862223, 5047219.87113131), c(271330.344628151, 271330.454291925, 
271330.489892728, 271332.373653882, 271330.136554277, 271328.512429299, 271325.993335049, 271323.667598002, 271323.203078992, 5047218.19632364, 5047220.05933651, 5047222.1739892, 5047228.16262396, 5047233.01558193, 5047237.555727, 5047240.38601062, 5047242.56411922, 5047244.31985035), c(271323.203078992, 271323.17906014, 271319.838615612, 271315.746050057, 271313.525112364, 271311.655506305, 5047244.31985035, 5047244.41063385, 5047245.80716182, 5047246.39994643, 5047246.48106146, 5047247.04807417
))"
Hughes Cr Bridge,2021,1,178.7,6,1,2,1,2,1,0,0,2,3,3.36,1.12,0.56,1.12,0.56,0,0,1.12,1.68,16.8,9.2,45.1,28.9,0,0,16.8,74,0.23,13.9,0.9,0.6,0,15.4,85.5,2,19.2,66.2,12.7,78.9,56.9,87.7,156.7,8,6,3.36,7.5,5.5,1.29,0.77,0.15,0.15,0,0,0,0,8,7.5,1.29,3.8,3.95,2.1,1.02,1.02,30.16,1.01,58.19,0.46,0.95,0.81,0.37,14.5,83.5,1220.99,"list(c(266871.158182272, 266874.599135802, 266880.373253427, 266883.522077773, 266884.764309187, 5041118.99329953, 5041121.88135517, 5041126.82963797, 5041130.13748712, 5041131.59325776), c(266884.764309187, 266885.720561818, 266890.238452626, 266896.519015561, 266900.910284333, 266907.061850961, 266911.68076961, 5041131.59325776, 5041132.71389055, 5041136.98043158, 5041140.37638221, 5041142.61572405, 5041145.30083466, 5041146.27115416), c(266911.68076961, 266913.678154397, 266917.176003935, 266920.222395676, 
266922.789659588, 5041146.27115416, 5041146.69075599, 5041145.58957355, 5041144.76075138, 5041145.11460895), c(266922.789659588, 266924.604179731, 266930.488754707, 266937.837240083, 266943.827564554, 266949.533348043, 266955.155659241, 266961.601171842, 266965.884243632, 266966.718842245, 5041145.11460895, 5041145.36471311, 5041147.07576009, 5041148.84744043, 5041149.95394459, 5041151.68442828, 5041153.9291869, 5041159.00591907, 5041163.85627664, 5041164.44922077), c(266966.718842245, 266971.046525381, 
266975.982134021, 266980.106506868, 5041164.44922077, 5041167.52384516, 5041170.61199128, 5041173.91545758), c(266980.106506868, 266980.739420398, 266986.987612933, 266990.781248758, 266995.869480821, 267000.209381308, 267006.430992812, 267013.627492849, 267014.385478046, 5041173.91545758, 5041174.42239786, 5041179.71093118, 5041185.1928655, 5041191.01008825, 5041197.3918265, 5041201.96571128, 5041210.69494355, 5041212.07554837))"
Hughes Cr Bridge,2021,2,194.8,5,1,1,1,2,0,1,0,2,2,2.57,0.51,0.51,1.03,0,0.51,0,1.03,1.03,8,7.7,80.8,0,3.5,0,11.5,80.8,0.1,8.8,0,0.8,0,9.6,97.8,3.2,34.5,51.9,10.5,62.4,65.8,93,153.3,7,4,2.05,11.9,8.92,3.95,3.49,3.38,3.38,1,12,4.96,5.46,19,16.86,9.41,6.32,1.87,3.2,1.09,1.09,37.54,1.09,58.19,0.4,0.93,0.93,0.34,14.5,83.5,1220.99,"list(c(267014.385478046, 267017.197787483, 267020.674320438, 267023.264780706, 267026.266532258, 267029.010623248, 267033.043004656, 267037.423462005, 267040.95412361, 267045.121996194, 267047.942634398, 267050.921443261, 267054.302480043, 267058.329803291, 267061.950367687, 267065.399162029, 267069.123751544, 267073.549033155, 267079.018551379, 267083.638275006, 267088.325752831, 267092.167968794, 267097.551605431, 267100.571223937, 267104.286997986, 267107.487453797, 267112.143442435, 267116.487379876, 
267119.46620348, 267122.919784393, 267125.383521948, 267127.883517732, 267131.206114371, 267134.338807815, 267137.114358797, 267140.197196191, 267141.720486325, 267143.675523886, 5041212.07554837, 5041217.11384416, 5041220.40823964, 5041223.00193455, 5041225.09128386, 5041227.19020308, 5041229.24128139, 5041231.4017043, 5041233.83822306, 5041234.9061325, 5041234.43458718, 5041233.59036557, 5041231.99760128, 5041229.28042854, 5041227.18970237, 5041225.10535641, 5041223.49984436, 5041222.23512247, 
5041221.29843688, 5041220.6378431, 5041219.48566522, 5041218.73167643, 5041217.79819584, 5041218.05289569, 5041218.52628853, 5041219.01881413, 5041219.33503915, 5041218.19563602, 5041217.35144755, 5041217.71231649, 5041219.21034291, 5041221.68516793, 5041223.15131502, 5041224.1354411, 5041224.76602171, 5041224.40705386, 5041223.73917167, 5041221.90406175), c(267143.069870248, 267142.039381654, 267140.555535376, 267139.139296515, 267138.632915487, 5041218.7872465, 5041217.39072341, 5041215.31538087, 
5041214.23752253, 5041213.7780611), c(267143.675523886, 267144.304206873, 267147.635020473, 267151.955910733, 267153.788163823, 267155.783487152, 5041221.90406175, 5041221.76586805, 5041223.07349059, 5041226.18455001, 5041228.57012072, 5041230.00166542), c(267155.783487152, 267156.633346805, 267161.81452182, 267165.888858627, 267167.472851905, 5041230.00166542, 5041230.6113976, 5041232.02925337, 5041234.02491236, 5041234.98246954), c(267167.472851905, 267170.190786591, 267174.830311899, 267179.579839543, 
267180.2010413, 5041234.98246954, 5041236.62551969, 5041240.03145656, 5041243.6377762, 5041244.10899199))"
Hughes Cr Bridge,2021,3,200.5,4,1,1,0,2,1,0,0,1,3,2,0.5,0,1,0.5,0,0,0.5,1.5,7.6,0,77.1,15.3,0,0,7.6,92.4,0.08,17.2,0,0,0,17.2,82.8,0,25.7,60,14.3,74.3,31.6,80.2,138.5,14,12,5.99,19.67,16.57,5.19,3.89,2.72,2.72,3,33,44.11,57.4,47,63.78,62.59,5.59,3.47,2.8,1.02,1.02,14.43,1.02,58.19,0.48,0.86,0.73,0.23,14.5,83.5,1220.99,"list(c(267180.2010413, 267182.535014187, 267190.886483207, 267199.953045788, 267205.415480677, 267212.78981539, 267222.326644104, 267233.593524756, 267248.745103481, 267261.817782498, 267271.999717008, 267284.383766648, 267293.108951472, 267301.386454977, 5041244.10899199, 5041245.87944029, 5041252.57239587, 5041259.18770065, 5041268.18585072, 5041278.95321125, 5041287.18676494, 5041292.28919008, 5041297.04303435, 5041301.05618821, 5041304.56322135, 5041309.36869277, 5041312.31640876, 5041314.37079732
), c(267301.386454977, 267302.425976356, 267308.768966678, 267316.530809007, 267316.586502664, 5041314.37079732, 5041314.62879636, 5041314.18905118, 5041313.28776163, 5041313.28377664), c(267316.586502664, 267322.464086761, 267326.31262657, 5041313.28377664, 5041312.86322735, 5041312.05780742), c(267326.31262657, 267329.58864164, 267337.335343121, 267345.636038618, 267352.15360454, 267356.113345786, 5041312.05780742, 5041311.37220712, 5041310.06258204, 5041307.09672807, 5041305.83270635, 5041305.21887353
))"
Hughes Cr Bridge,2021,4,186.5,4,1,1,1,2,0,0,0,1,2,2.14,0.54,0.54,1.07,0,0,0,0.54,1.07,8.6,6.4,85,0,0,0,8.6,85,0.1,9.1,0,0.9,0,10,90,0.9,22.6,54.3,22.3,76.6,34,193,299.6,15,8,4.29,38.19,22.63,12.89,7.35,2.9,2.9,0,0,0,0,15,38.19,12.89,0,0,0,1.02,1.02,7.22,1.02,58.19,0.46,0.9,0.9,0.4,14.5,83.5,1220.99,"list(c(267356.113345786, 267359.088458954, 267367.525461189, 267378.101888458, 267386.83269929, 267397.48481235, 267409.214182586, 267418.705248674, 267426.822859842, 267435.449041585, 267442.186090672, 267442.505421591, 5041305.21887353, 5041304.75767791, 5041305.46710639, 5041308.55074917, 5041311.6517279, 5041316.77720275, 5041323.2939739, 5041330.30266489, 5041338.99796238, 5041344.81196156, 5041349.46924029, 5041349.73501268), c(267442.505421591, 267448.536126113, 267455.65786287, 5041349.73501268, 
5041354.75424783, 5041358.81643574), c(267455.65786287, 267459.64323413, 267467.541260087, 267478.91424527, 267491.93362727, 267505.332436963, 267512.71487961, 5041358.81643574, 5041361.08966887, 5041363.86378847, 5041366.30465126, 5041368.88896872, 5041370.64141254, 5041371.23818208), c(267512.71487961, 267517.471840813, 267524.649325126, 5041371.23818208, 5041371.62272201, 5041371.56118443))"
Miller,2019,1,224.4,3,1,1,1,1,0,0,0,1,1,1.34,0.45,0.45,0.45,0,0,0,0.45,0.45,8.2,15.4,76.3,0,0,0,8.2,76.3,0.11,7.6,0,0,0,7.6,92.4,9.2,20.8,64.4,5.6,70,48.1,154,218,0,0,0,0,0,0,0,0,0,0,0,0,0,0,0,0,0,0,0,1.02,1.02,2.6,1.02,NA,0.44,0.62,0.62,0.17,NA,NA,1110.65,"list(c(265899.053836872, 265900.064581663, 265899.971249825, 265900.119755142, 5033217.48830761, 5033233.84943159, 5033244.83293639, 5033252.02859767), c(265900.119755142, 265900.221209598, 265900.134999494, 265900.270581792, 265900.158547666, 5033252.02859767, 5033256.94444551, 5033262.7228657, 5033269.06342138, 5033270.48730316), c(265900.158547666, 265899.111540926, 265896.928365, 265896.813428691, 265896.705478015, 265893.963400725, 265890.065110249, 265884.224171822, 265875.464609687, 265867.791539322, 
265862.27677494, 265854.819805066, 265851.262286408, 5033270.48730316, 5033283.79413955, 5033297.99258991, 5033305.69715085, 5033324.38148478, 5033342.45088537, 5033359.13735145, 5033374.89795568, 5033393.19138765, 5033405.59787187, 5033413.93127002, 5033424.04816174, 5033430.72230045))"
Miller,2019,2,136,3,1,0,2,1,0,0,0,0,1,2.21,0,1.47,0.74,0,0,0,0,0.74,0,35.3,64.7,0,0,0,0,64.7,0,7.5,0,0,0,7.5,92.5,9.4,17.5,52,21.2,73.2,68,154,254.4,1,0,0,1.35,0,0.32,0,0,0,0,0,0,0,1,1.35,0.32,0,0,0,1.01,1.01,12.08,1.01,NA,0.43,0.64,NA,NA,NA,NA,1110.65,"list(c(265851.262286408, 265847.685392062, 265839.81715604, 265836.266042611, 5033430.72230045, 5033437.43280701, 5033449.98919899, 5033460.74141029), c(265803.286398034, 265803.157688335, 265800.934158275, 265799.234262821, 5033541.35358225, 5033541.61887657, 5033549.33068121, 5033555.02627042), c(265836.266042611, 265834.762873726, 265831.228439705, 265827.219539713, 265823.439027818, 265819.787752845, 265815.405753544, 265808.054361548, 265803.286398034, 5033460.74141029, 5033465.2927821, 5033478.25820947, 
5033494.66365999, 5033503.71681307, 5033512.19476468, 5033522.62500447, 5033531.52595355, 5033541.35358225))"
Miller,2019,3,189.9,5,1,1,1,3,0,0,0,1,3,2.63,0.53,0.53,1.58,0,0,0,0.53,1.58,5.7,17,77.3,0,0,0,5.7,77.3,0.07,5.6,0,2.7,0,8.3,91.7,10.6,37.3,31.7,20.5,52.2,NA,NA,NA,4,3,1.58,7.19,6.64,1.76,1.67,0,0,0,0,0,0,4,7.19,1.76,0,0,0,1.01,1.01,20.05,1.01,NA,0.4,0.68,0.68,0.34,NA,NA,1110.65,"list(c(265799.234262821, 265797.943023598, 265795.630394208, 5033555.02627042, 5033559.35264389, 5033565.62122827), c(265795.630394208, 265794.795923516, 265795.105701441, 265795.530560076, 5033565.62122827, 5033567.88313786, 5033573.50422442, 5033576.28148685), c(265795.530560076, 265796.765039688, 265797.552398781, 265796.411107023, 265794.508478698, 265794.182530673, 265794.124451699, 5033576.28148685, 5033584.35117739, 5033589.31278601, 5033597.76857799, 5033614.09562025, 5033621.52286032, 5033628.00894484
), c(265794.124451699, 265787.282360787, 265777.4982436, 5033628.00894484, 5033643.88256121, 5033655.19560516), c(265777.4982436, 265777.418060326, 265763.081095586, 265750.046632949, 265738.933116789, 265733.730802335, 265730.327417137, 265730.339450609, 5033655.19560516, 5033655.28831862, 5033673.588824, 5033690.33056043, 5033704.71919495, 5033716.0356645, 5033723.33827796, 5033723.63104051))"
Miller,2019,4,147.3,7,1,3,0,2,1,1,0,4,3,4.75,2.04,0,1.36,0.68,0.68,0,2.72,2.04,37.7,0,34.6,11.9,15.8,0,53.5,46.5,0.81,2.5,0,1.8,3.2,7.5,92.5,17.9,35.2,30.4,16.6,47,NA,NA,NA,3,2,1.36,8.1,1.86,3.19,0.64,0.64,0.64,1,5,10.5,7.88,8,18.6,11.07,0,0,0,1,1,16.87,1,NA,0.43,1.14,0.803333333,0.426666667,NA,NA,1110.65,"list(c(265730.339450609, 265730.969284255, 265732.093059099, 265732.097595292, 5033723.63104051, 5033738.95426069, 5033750.24895268, 5033750.27326875), c(265732.097595292, 265733.598899404, 265732.848356524, 5033750.27326875, 5033758.3209507, 5033767.60738462), c(265728.818085719, 265725.063387295, 265722.295215013, 5033765.68195355, 5033755.64438778, 5033743.34147449), c(265732.848356524, 265732.846979633, 265737.286563625, 265743.067577794, 265747.866556342, 5033767.60738462, 5033767.62442089, 
5033776.43613867, 5033783.35068006, 5033788.56833108), c(265747.866556342, 265747.911701811, 265749.150452523, 265750.930022581, 5033788.56833108, 5033788.61741519, 5033795.67271257, 5033800.33082281), c(265750.930022581, 265750.97728775, 265754.595466168, 265755.917731286, 5033800.33082281, 5033800.45454175, 5033812.4390559, 5033824.6866559), c(265755.917731286, 265755.975472063, 265756.410466258, 265756.277191232, 5033824.6866559, 5033825.22148561, 5033836.89833406, 5033841.22233158))"
Miller,2019,5,167.9,4,1,1,1,2,0,0,0,1,2,2.38,0.6,0.6,1.19,0,0,0,0.6,1.19,8.2,8.1,83.7,0,0,0,8.2,83.7,0.1,9.2,0,0,0,9.2,90.8,10.8,31.6,39.2,18.4,57.6,NA,NA,NA,1,1,0.6,1,1,0.2,0.2,0.2,0.2,0,0,0,0,1,1,0.2,1.75,1.2,1,1.01,1.01,14.39,1.01,NA,0.42,0.77,0.77,0.37,NA,NA,1110.65,"list(c(265756.277191232, 265756.137651925, 265752.450341538, 265746.098813263, 265737.055038571, 265728.707478428, 265720.591308656, 265713.848362539, 265710.609551229, 265709.323492974, 5033841.22233158, 5033845.74958631, 5033857.29480806, 5033875.49880638, 5033891.52154534, 5033904.66639605, 5033913.23949387, 5033926.32458254, 5033936.42714521, 5033943.52466763), c(265709.323492974, 265709.317217703, 265707.677441801, 265706.226674403, 5033943.52466763, 5033943.55929976, 5033949.37024872, 5033956.67773416
), c(265706.226674403, 265706.219238172, 265705.295055001, 265701.13835115, 265701.162214286, 265701.144446663, 5033956.67773416, 5033956.71519036, 5033966.28562413, 5033978.7039715, 5033982.26365437, 5033982.30796282), c(265701.144446663, 265698.511908089, 265696.015374504, 5033982.30796282, 5033989.06892277, 5033995.09874707))"
Miller 2021,2021,1,201.1,3,1,0,1,2,0,0,0,0,2,1.49,0,0.5,0.99,0,0,0,0,0.99,0,7.3,92.7,0,0,0,0,92.7,0,0,0,7.3,0,7.3,92.7,10,20,60,10,70,72.5,163.5,289.1,6,5,2.49,15.94,12.04,6,4.1,0,0,1,7,22.5,18,13,38.44,24,2,0.9,1,1.01,1.01,16,1.01,NA,0.5,1.07,NA,NA,NA,NA,1209.03,"list(c(265899.722887482, 265899.814723434, 265900.090190704, 265900.447948486, 265898.443086484, 265897.173606219, 265896.704721492, 265895.297400891, 5033225.62356895, 5033242.42774863, 5033258.20787982, 5033267.81903589, 5033276.8056796, 5033284.59912432, 5033288.76169258, 5033293.32543169), c(265895.297400891, 265896.030376567, 265897.398403573, 265896.998198405, 5033293.32543169, 5033297.18064313, 5033304.6038619, 5033307.81826007), c(265896.998198405, 265897.365145527, 265897.061725493, 265897.018748464, 
265894.346303543, 265892.633788722, 265889.268990744, 265887.316002051, 265885.551224142, 265883.044533404, 265874.255955352, 265864.948923264, 265862.257249916, 265858.769843203, 5033307.81826007, 5033310.69321715, 5033316.50764745, 5033320.93931604, 5033330.84452311, 5033340.70102969, 5033355.0490753, 5033362.6347136, 5033366.89728792, 5033374.96984595, 5033391.64407957, 5033406.84250903, 5033412.15538163, 5033417.62195299))"
Miller 2021,2021,2,253.1,2,1,0,1,1,0,0,0,0,1,0.79,0,0.4,0.4,0,0,0,0,0.4,0,20.2,79.7,0,0,0,0,79.7,0,8,0,2,0,10,90,10,20,60,10,70,96.2,154,179.6,13,9,3.56,20.58,17.49,7.94,7.14,0,0,0,0,0,0,13,20.58,7.94,13.6,6.2,5.4,1.01,1.01,30.4,1.02,NA,0.54,1.05,NA,NA,NA,NA,1209.03,"list(c(265858.769843203, 265855.611157678, 265853.596386539, 265848.802175341, 265845.062934294, 265839.484691168, 265838.462269375, 265836.105963095, 5033417.62195299, 5033422.14365173, 5033425.27562469, 5033432.6431551, 5033438.32634659, 5033451.16339386, 5033457.21172779, 5033463.03770847), c(265836.105963095, 265833.514341049, 265828.901247707, 265820.240291482, 265812.304938302, 265808.252497847, 265806.292580842, 265803.24387439, 265796.695520287, 265795.421185398, 265794.991293691, 265794.430603374, 
265792.429508809, 265793.129033613, 265791.983838817, 265789.585070578, 265782.416025569, 265781.876151964, 5033463.03770847, 5033471.6185096, 5033489.43241235, 5033507.09024395, 5033517.6922635, 5033524.73418768, 5033531.86220276, 5033546.79669777, 5033564.55620724, 5033578.7077986, 5033588.10171025, 5033596.7751187, 5033612.83347535, 5033620.44959447, 5033628.78205055, 5033636.95394096, 5033653.00232656, 5033654.0903962))"
Miller 2021,2021,3,159.4,5,1,1,0,1,2,1,0,2,3,3.14,0.63,0,0.63,1.25,0.63,0,1.25,1.88,16.7,0,23.5,40.3,19.5,0,36.2,63.8,0.26,0,0,0,0,0,100,5.9,12.4,63.7,18,81.7,73.8,216.3,321.3,5,5,3.14,8.47,8.47,1.74,1.74,0.49,0.49,0,0,0,0,5,8.47,1.74,6.5,2.14,4.1,1.01,1.01,21.72,1.01,NA,0.5,0.91,0.91,0.46,NA,NA,1209.03,"list(c(265781.876151964, 265776.967218518, 265769.668404257, 265761.819398728, 265753.627016209, 5033654.0903962, 5033663.98395825, 5033673.68715605, 5033680.71618369, 5033691.29080909), c(265753.627016209, 265753.220818686, 265743.638780423, 265738.902072057, 265735.573489999, 265734.044811906, 265731.909769402, 5033691.29080909, 5033691.81512506, 5033700.7051545, 5033706.60775096, 5033710.99828528, 5033715.32176338, 5033721.0158848), c(265731.909769402, 265730.458411948, 265728.730398095, 265730.305884342, 
265730.835864855, 5033721.0158848, 5033724.88663719, 5033735.95413699, 5033741.95837716, 5033746.97974785), c(265730.835864855, 265731.176414697, 265732.647757278, 265733.248394332, 265733.279242277, 5033746.97974785, 5033750.20633454, 5033756.43899372, 5033763.49001853, 5033763.86628729), c(265719.931898205, 265720.807369692, 265721.316119353, 265723.129129051, 265724.425327517, 265726.283988778, 265728.913388453, 5033735.63634884, 5033740.99300923, 5033745.57739267, 5033751.90960217, 5033756.46463971, 
5033760.99871855, 5033765.05497499))"
Miller 2021,2021,4,257.1,4,1,1,1,2,0,0,0,1,2,1.56,0.39,0.39,0.78,0,0,0,0.39,0.78,5.2,6.6,88.2,0,0,0,5.2,88.2,0.06,0,0,0,1.6,1.6,98.4,0.5,14,69.5,16,85.5,57.1,109,218,3,2,0.78,2.16,1.25,0.42,0.23,0,0,0,0,0,0,3,2.16,0.42,4,2.04,1.6,1.05,1.05,37.48,1.05,NA,0.51,0.77,0.7,0.3,NA,NA,1209.03,"list(c(265733.279242277, 265731.953670387, 265732.592280051, 265734.811322664, 265739.061104954, 265743.968088213, 265746.772012639, 265749.748615337, 265752.342635054, 265753.272934482, 265754.599007761, 265753.246286547, 265751.555129334, 265747.175989606, 265741.255096065, 265735.527302647, 265729.891131281, 265726.305990686, 5033763.86628729, 5033767.20262483, 5033770.39106253, 5033774.14234005, 5033780.42362421, 5033788.30801985, 5033796.59677446, 5033801.14877591, 5033814.9026619, 5033827.77964161, 
5033839.25546486, 5033847.59538245, 5033855.22256576, 5033866.71346044, 5033883.15766149, 5033892.68979527, 5033901.65713964, 5033905.13483448), c(265726.305990686, 265723.150662076, 265719.609759208, 265718.336426845, 5033905.13483448, 5033908.19560374, 5033912.93075183, 5033915.7238846), c(265718.336426845, 265716.27743479, 265712.775339325, 265709.572231912, 265707.548031431, 265705.431499141, 265702.840994851, 265702.207726319, 265702.491816839, 265701.359195536, 265700.668796139, 5033915.7238846, 
5033920.24041661, 5033927.52833307, 5033935.28226432, 5033941.42043761, 5033951.12671216, 5033960.20506652, 5033970.41740745, 5033978.04135135, 5033983.92172012, 5033985.86739758), c(265700.668796139, 265698.301002922, 265695.91012417, 265694.131511714, 5033985.86739758, 5033992.54030256, 5033997.90618683, 5034001.56517179))"
Murphy,2019,1,139.5,8,1,4,0,2,2,0,0,4,4,5.73,2.87,0,1.43,1.43,0,0,2.87,2.87,46,0,40,14,0,0,46,54,0.85,7.6,0,2.8,0,10.4,91.4,13.2,40.5,37.8,8.6,46.4,17,68.2,134.7,6,5,3.58,6.6,5.96,1.54,1.37,1.54,1.37,2,14,42.5,54.38,20,49.1,55.92,4.5,1.26,3.2,1.02,1.02,26.59,1.02,39.62,0.41,1.4,1.025,0.55,NA,NA,1238.93,"list(c(268037.273267124, 268042.687040943, 268047.164371673, 268047.286733398, 5041788.79277477, 5041792.42248408, 5041797.07194553, 5041797.11240738), c(268088.183115537, 268088.295785349, 268092.463057727, 268097.59069012, 268097.622855598, 5041813.10337134, 5041813.1123545, 5041815.7562067, 5041818.38996512, 5041818.41326135), c(268097.622855598, 268102.76944753, 268105.886366568, 5041818.41326135, 5041822.14074578, 5041823.86357183), c(268105.886366568, 268106.210911231, 268111.656590389, 268112.569450331, 
268111.650086357, 268111.307855883, 268111.348947097, 5041823.86357183, 5041824.04295873, 5041829.04978972, 5041835.78163871, 5041843.83994313, 5041847.19956602, 5041847.39514987), c(268111.348947097, 268112.545380022, 268113.403391403, 5041847.39514987, 5041853.08987365, 5041856.84665011), c(268117.587400183, 268117.61657972, 268121.588885055, 268125.410601948, 268125.578322526, 5041867.47296206, 5041867.5349604, 5041873.20966443, 5041878.82281696, 5041878.92138055), c(268047.286733398, 268055.465466565, 
268060.990964353, 268068.90112405, 268074.310286981, 268082.610187933, 268088.183115537, 5041797.11240738, 5041799.81690933, 5041802.60203256, 5041807.02971597, 5041809.66181227, 5041812.65904435, 5041813.10337134), c(268113.403391403, 268113.466514039, 268115.21466003, 268117.587400183, 5041856.84665011, 5041857.12303078, 5041862.43155766, 5041867.47296206))"
Murphy,2019,2,204.6,10,1,3,4,3,0,0,0,3,3,4.89,1.47,1.96,1.47,0,0,0,1.47,1.47,18,31.3,50.7,0,0,0,18,50.7,0.36,7.8,0,3.6,0,11.4,89.1,12.6,36.9,35.2,15.2,50.4,NA,NA,NA,10,10,4.89,13.93,13.93,4.59,4.59,4.37,4.37,1,7,12,6,17,25.93,10.59,2.5,0.87,1.2,1.01,1.01,25.74,1.01,39.62,0.4,1.3,1.1,0.68,NA,NA,1238.93,"list(c(268125.578322526, 268134.837991427, 268144.300953737, 268151.926034337, 268160.214171193, 268167.7809969, 268171.593230119, 5041878.92138055, 5041884.36297962, 5041888.8906828, 5041891.59826373, 5041894.28134411, 5041898.4071514, 5041902.01760951), c(268171.593230119, 268171.76445954, 268176.272548697, 268183.46117426, 268183.576475306, 5041902.01760951, 5041902.17977619, 5041903.60016345, 5041906.82139198, 5041906.89851357), c(268183.576475306, 268186.991713899, 268190.600084651, 268190.700895412, 
5041906.89851357, 5041909.18287116, 5041911.5647329, 5041911.61251347), c(268190.700895412, 268197.379328775, 268205.393950994, 268210.070034355, 268215.398911546, 5041911.61251347, 5041914.77784937, 5041919.04448798, 5041922.80515849, 5041926.93737173), c(268215.398911546, 268215.880244902, 268219.456838517, 268221.294488116, 268220.662642605, 5041926.93737173, 5041927.31061633, 5041934.25871213, 5041939.06832111, 5041942.58285223), c(268220.662642605, 268220.612530742, 268220.607278551, 268221.405474936, 
5041942.58285223, 5041942.861591, 5041953.41159654, 5041965.1885791), c(268221.405474936, 268221.424561624, 268220.292066081, 268219.938462779, 5041965.1885791, 5041965.4701936, 5041971.83194834, 5041979.14951184), c(268219.938462779, 268219.927587872, 268220.663323689, 268220.927082632, 268220.936659971, 5041979.14951184, 5041979.37456071, 5041987.86684176, 5041993.71731474, 5041993.7955097), c(268220.936659971, 268221.65136495, 268222.428310521, 5041993.7955097, 5041999.63077945, 5042003.51418747
), c(268222.428310521, 268222.48015408, 268226.10000633, 268230.461721427, 268232.958105505, 268233.139734833, 5042003.51418747, 5042003.77331732, 5042012.21086606, 5042019.44462951, 5042024.34935105, 5042024.48746345))"
Murphy,2019,3,125.1,8,1,4,1,3,0,0,0,4,3,6.39,3.2,0.8,2.4,0,0,0,3.2,2.4,44.8,15.9,39.3,0,0,0,44.8,39.3,1.14,4.5,0,3.4,0,7.9,92.1,14.5,38,34.6,12.9,47.5,NA,NA,NA,3,3,2.4,11.44,11.44,4.67,4.67,4.67,4.67,1,5,15,11.25,8,26.44,15.92,0,0,0,1.01,1.01,14.41,1.01,39.62,0.41,0.81,0.755,0.3275,NA,NA,1238.93,"list(c(268233.139734833, 268236.952114093, 268239.845212337, 5042024.48746345, 5042027.38642975, 5042030.60286057), c(268239.845212337, 268239.855772004, 268245.408410982, 268251.377223193, 5042030.60286057, 5042030.61460039, 5042034.62623361, 5042039.28636189), c(268251.377223193, 268251.396530764, 268258.849155546, 268263.647440264, 268270.696314976, 268275.422427906, 268275.591016589, 5042039.28636189, 5042039.30143622, 5042041.99654828, 5042043.0779673, 5042048.16705533, 5042053.64997437, 5042053.84194841
), c(268275.591016589, 268279.710680722, 268285.833241327, 268286.160030503, 5042053.84194841, 5042058.53306632, 5042062.88589872, 5042063.03098509), c(268286.160030503, 268294.96008547, 268302.910598147, 268304.694241211, 5042063.03098509, 5042066.93800212, 5042069.47638438, 5042070.06567514), c(268304.694241211, 268310.192255254, 268315.956049884, 268318.128909931, 5042070.06567514, 5042071.88214604, 5042072.14123863, 5042073.22750542), c(268318.128909931, 268318.233247664, 268324.360183326, 268328.784415504, 
5042073.22750542, 5042073.27966648, 5042074.97756794, 5042075.63460842), c(268328.784415504, 268331.147559125, 268338.783932787, 268341.379691372, 5042075.63460842, 5042075.98555902, 5042079.00760625, 5042080.40131914))"
Murphy,2019,4,104.6,5,1,2,1,2,0,0,0,2,2,4.78,1.91,0.96,1.91,0,0,0,1.91,1.91,20.5,38.6,40.9,0,0,0,20.5,40.9,0.5,7.1,0,0,0,7.1,92.9,10,30,39.1,20.9,60,NA,NA,NA,0,0,0,0,0,0,0,0,0,0,0,0,0,0,0,0,3.75,2.26,3.6,1.01,1.01,17.82,1.01,39.62,0.38,0.96,0.825,0.395,NA,NA,1238.93,"list(c(268341.379691372, 268342.622429806, 268345.861959264, 268349.761121892, 5042080.40131914, 5042081.06856999, 5042081.89294655, 5042083.07219122), c(268349.761121892, 268352.352622331, 268355.417562111, 268357.691299127, 5042083.07219122, 5042083.85595417, 5042085.94549715, 5042087.82539555), c(268357.691299127, 268357.711358718, 268365.98487787, 268371.265500387, 268377.284592856, 268384.728185227, 268384.863992469, 5042087.82539555, 5042087.84198059, 5042093.42215573, 5042098.57665515, 5042105.74929357, 
5042116.87950197, 5042117.08525085), c(268384.863992469, 268392.282429868, 268398.493212747, 268402.796626362, 268404.208479298, 5042117.08525085, 5042128.32425643, 5042137.69257971, 5042143.35520607, 5042144.97884521), c(268404.208479298, 268407.303637638, 268410.85037778, 5042144.97884521, 5042148.53829929, 5042154.96108899))"
NF Reference,2021,1,206.9,5,1,1,1,3,0,0,0,1,3,2.42,0.48,0.48,1.45,0,0,0,0.48,1.45,9.2,9.6,81.1,0,0,0,9.2,81.1,0.11,4.3,0,0,0,4.3,95.7,0,20.1,66.7,13.3,80,45.5,105.8,199.8,8,7,3.38,17.11,16.83,7.88,7.85,0.11,0.11,0,0,0,0,8,17.11,7.88,33.3,19.11,16.1,1.04,1.04,7.37,1.04,NA,0.45,0.84,0.7,0.28,11.3,82.1,1278.42,"list(c(268454.715597819, 268459.542745117, 268462.019187806, 268465.447034392, 268466.843506053, 268467.866196172, 268469.519950394, 268470.994247774, 268471.38148233, 268470.932703234, 268469.920099687, 268469.5837521, 268469.451628803, 268469.639751249, 268471.752886618, 5042848.47645208, 5042851.340079, 5042856.24043556, 5042864.03805784, 5042868.98670621, 5042872.5781279, 5042877.92051169, 5042882.78562723, 5042889.38130572, 5042894.18166101, 5042900.66675542, 5042905.9434424, 5042907.843552, 
5042909.65118738, 5042912.85647825), c(268471.752886618, 268472.294190702, 268473.751640525, 268472.832386878, 268473.788679459, 268476.046777008, 268477.366162461, 268478.007884185, 5042912.85647825, 5042914.09844421, 5042919.66034982, 5042923.02212814, 5042926.31464801, 5042927.58055415, 5042929.34641119, 5042930.29048904), c(268478.007884185, 268479.022742579, 268480.587556463, 268483.981886513, 268489.498483194, 268493.101922246, 268497.631356933, 268501.107873123, 268504.497633503, 268509.971417538, 
5042930.29048904, 5042938.08075799, 5042946.55052176, 5042953.70478836, 5042961.82062617, 5042967.63750221, 5042974.16398419, 5042978.4712177, 5042982.62035867, 5042988.42646483), c(268509.971417538, 268513.518282311, 268518.726729655, 268523.337723717, 5042988.42646483, 5042990.67600353, 5042996.09935856, 5043001.86806342), c(268523.337723717, 268525.508929862, 268530.547304446, 268535.547329627, 268540.879783135, 268545.345672364, 5043001.86806342, 5043004.58441232, 5043011.05397414, 5043016.48501675, 
5043019.61593842, 5043021.15998511))"
NF Reference,2021,2,197.4,5,1,1,1,2,0,1,0,2,2,2.53,0.51,0.51,1.01,0,0.51,0,1.01,1.01,9.8,5.9,56,0,28.2,0,38,56,0.17,7.4,0,0,0,7.4,92.6,2.8,27.8,55,14.4,69.4,64.8,131.5,345.7,6,4,2.03,14.88,9.84,8.06,6.24,1.36,1.36,1,6,52.43,94.37,12,67.31,102.43,22.95,14.95,11.6,1.04,1.04,30.68,1.04,NA,0.52,1.01,1.01,0.6,11.3,82.1,1278.42,"list(c(268545.345672364, 268548.489192984, 268556.299319237, 268564.050280783, 5043021.15998511, 5043022.24683543, 5043024.66234464, 5043025.36225609), c(268562.182884635, 268564.050280783, 5043025.18924788, 5043025.36225609), c(268564.050280783, 268570.936403913, 268575.982425623, 268583.54876103, 268591.533983481, 268594.652621263, 5043025.36225609, 5043025.59195211, 5043024.19599949, 5043020.93280333, 5043018.05738765, 5043017.05517259), c(268594.652621263, 268599.653518941, 268603.451281939, 
268607.877639035, 268619.100405595, 268627.48669406, 268635.205196251, 268644.441848711, 268649.2630883, 5043017.05517259, 5043016.62866235, 5043016.4884991, 5043015.84126015, 5043015.18514571, 5043012.2143281, 5043010.88109476, 5043009.91804217, 5043007.98462341), c(268649.2630883, 268649.582645238, 268655.32938326, 268660.621045771, 5043007.98462341, 5043007.85647451, 5043005.8642489, 5043005.53217355), c(268660.621045771, 268660.687011283, 268667.211054121, 268673.391332003, 268680.508571113, 
268687.131499102, 268691.907828036, 268699.679249371, 268705.662806513, 268712.322137866, 268718.186204615, 268721.740738376, 268725.154682326, 268727.632255364, 5043005.53217355, 5043005.34578564, 5043003.3290375, 5043001.97195932, 5042999.69320587, 5042999.36821632, 5042999.43394514, 5043001.7279365, 5043006.4113797, 5043011.57335281, 5043017.80459132, 5043020.71280674, 5043023.32884921, 5043024.68909182))"
NF Reference,2021,3,1326.7,26,8,8,2,8,1,3,4,11,9,1.96,0.6,0.15,0.6,0.08,0.23,0.3,0.83,0.68,10.3,2.6,58,1.4,6,21.6,16.3,59.4,0.17,11,0,2.2,0,13.2,87.3,21.1,25.1,43.4,10.3,53.7,44,83.4,139.3,34,22,1.66,49.26,36.92,13.55,10.67,5.73,4.72,10,60,320.4,392.31,94,369.66,405.86,115.9,59.85,8.7,1.07,1.08,36.26,1.69,NA,0.37,5,0.91875,0.53375,11.3,82.1,1278.42,"list(c(268723.432421206, 268724.615726486, 268725.631246272, 268726.555978308, 268727.171955704, 268727.276917229, 5043029.91470335, 5043031.58693149, 5043032.95337092, 5043034.68713279, 5043036.53627576, 5043037.26035122), c(268727.632255364, 268730.687333091, 268734.316943912, 268737.294185365, 5043024.68909182, 5043026.35061788, 5043028.2328913, 5043029.97793648), c(268737.294185365, 268738.409980693, 268740.866155608, 268745.144554931, 268747.46797724, 268751.869000437, 268755.839022615, 268757.57389558, 
268761.340718784, 5043029.97793648, 5043031.71099571, 5043034.68495276, 5043038.80138856, 5043042.96962267, 5043050.00509487, 5043054.53612923, 5043057.69797539, 5043061.10746087), c(268775.893364341, 268773.852201302, 268772.074733203, 268771.136441853, 268770.083087902, 268768.986107495, 268767.883195663, 268766.972713141, 268766.135643558, 268765.072402763, 268763.802761121, 268762.759290163, 268761.340718784, 5043072.1357745, 5043071.71250872, 5043070.59713673, 5043069.71920809, 5043068.79184472, 
5043067.70505521, 5043066.45744936, 5043065.31010354, 5043064.10637185, 5043062.91098173, 5043062.25998835, 5043061.60065367, 5043061.10746087), c(268775.893364341, 268780.592641944, 268782.979142418, 268787.79888841, 268790.291891722, 268793.49510682, 268794.079315274, 5043072.1357745, 5043074.03096573, 5043075.08686371, 5043075.63706228, 5043075.33714289, 5043074.49107549, 5043074.12919938), c(268794.079315274, 268796.351273039, 268798.841243485, 268803.167623631, 268806.992180823, 268810.16476667, 
268813.140453242, 268813.846311479, 5043074.12919938, 5043072.72188201, 5043069.51030845, 5043067.99887716, 5043067.02591232, 5043065.3490478, 5043063.99142058, 5043064.09263114), c(268795.228604921, 268798.878435608, 268805.067215847, 268810.198730864, 268814.728052638, 268818.431476262, 268822.358599408, 268827.111608148, 268831.231790261, 268836.671211445, 268841.454830373, 268848.129236902, 268850.790685361, 268856.423141335, 268860.751669809, 268866.391765106, 268872.358653665, 268877.057993419, 
268881.734358993, 268885.600147715, 268891.496194036, 268896.489790845, 268902.934431008, 268907.51125758, 268913.716891629, 5043081.88855091, 5043084.66572212, 5043088.38918391, 5043091.73566914, 5043095.72830928, 5043099.9593855, 5043104.59817683, 5043108.99853237, 5043113.2142388, 5043119.25313997, 5043124.48429178, 5043130.06169351, 5043134.3311777, 5043139.94699275, 5043144.15501232, 5043149.97852471, 5043153.34621718, 5043156.29268426, 5043158.61605888, 5043161.5932569, 5043163.03975414, 5043162.64770058, 
5043161.99418458, 5043161.61750222, 5043160.14088637), c(268799.114809484, 268797.911226334, 268798.455971869, 268798.908012027, 268800.579751154, 268801.745836693, 268803.756969082, 268805.15825243, 268807.304217348, 268809.565865999, 268811.549395321, 268812.320881349, 5043064.196637, 5043062.68114193, 5043060.47722357, 5043058.58869904, 5043055.82326079, 5043053.49243626, 5043051.44242629, 5043049.83087285, 5043048.60782815, 5043047.69249471, 5043047.72334648, 5043048.83881223), c(268813.846311479, 
268816.515178016, 268819.11868413, 268823.009094893, 268827.237563669, 268831.448214933, 268835.696233609, 268837.386173759, 5043064.09263114, 5043063.08489024, 5043063.47276533, 5043063.65189924, 5043064.22179894, 5043064.30848466, 5043064.51164145, 5043063.44731242), c(268837.386173759, 268841.18557763, 268843.810499516, 268846.764572031, 268849.093007317, 268852.331057917, 268856.795995883, 268861.147166671, 268864.831740818, 268867.952719937, 268870.357569276, 268874.778846835, 268881.151520444, 
268885.920551305, 268891.548068162, 268895.125827874, 268897.198673214, 268897.393497939, 268896.007786343, 268895.835976541, 268895.688565605, 268894.850208145, 268894.197204499, 268893.840692033, 268893.573887792, 268894.686251177, 268895.12234831, 5043063.44731242, 5043061.77203722, 5043060.54622035, 5043059.46956054, 5043058.98048748, 5043059.02239969, 5043059.42231044, 5043058.65970315, 5043057.91638037, 5043059.17230099, 5043062.27184885, 5043066.16454015, 5043070.41966864, 5043074.67936885, 
5043080.27839474, 5043085.14652251, 5043088.69915139, 5043092.3426997, 5043098.09788526, 5043102.21711645, 5043104.80319076, 5043106.20505837, 5043108.24525318, 5043109.54871393, 5043111.09080245, 5043112.30478657, 5043112.93534159), c(268842.119099645, 268846.00068614, 5043066.09468963, 5043068.08341127), c(268815.733117083, 268816.13880911, 268816.785841457, 268818.546466713, 268820.866359504, 5043059.32017712, 5043057.58935099, 5043055.32966557, 5043052.144986, 5043049.97960484), c(268820.570280177, 
268820.866359504, 5043050.25596428, 5043049.97960484), c(268820.866359504, 268823.724681257, 268828.384528737, 268832.152574962, 268836.925890374, 268842.6794315, 5043049.97960484, 5043046.85120152, 5043045.953574, 5043045.00818509, 5043044.99348467, 5043046.46120378), c(268842.857779037, 268842.856083723, 268849.058216133, 268854.861450154, 268860.561292196, 268864.487337723, 268865.001143514, 5043046.05759336, 5043046.46503957, 5043044.86876559, 5043046.6463814, 5043047.42857905, 5043048.57417549, 
5043052.82406763), c(268891.999097188, 268890.85595509, 268890.750925333, 268890.418367562, 268889.915981804, 5043087.523963, 5043090.47785733, 5043093.2894928, 5043095.58955815, 5043096.06531887), c(268889.915981804, 268888.704493194, 268887.102469833, 268885.724147706, 268885.455332457, 5043096.06531887, 5043097.21260245, 5043099.03950611, 5043101.27412802, 5043103.34900323), c(268885.455332457, 268885.39924874, 268885.097319205, 268885.960661122, 268887.121270327, 268888.887899054, 268891.036847527, 
268892.618890604, 268894.602395287, 5043103.34900323, 5043103.78189081, 5043106.91275208, 5043110.52061169, 5043113.70154765, 5043116.34018861, 5043118.02881841, 5043118.4904557, 5043118.52133169), c(268894.98776847, 268894.879328677, 268894.734104385, 268894.926342526, 268895.525783813, 268896.549653913, 268897.656662612, 268898.327757916, 268899.747345261, 5043121.8998257, 5043123.20370725, 5043124.92490731, 5043127.30960697, 5043129.41931912, 5043131.72136684, 5043133.44840117, 5043134.6715506, 
5043136.38706246), c(268895.12234831, 268895.457714612, 268897.638018903, 268898.930200961, 268899.839152356, 268901.191041975, 268902.03994484, 5043112.93534159, 5043113.4202495, 5043118.17887203, 5043120.30865132, 5043123.0170695, 5043124.89303473, 5043125.12091293), c(268902.03994484, 268903.328320995, 268905.025196328, 268905.988889526, 268906.933442578, 268907.970704466, 268908.121393377, 5043125.12091293, 5043128.80674199, 5043132.38386626, 5043135.88402306, 5043138.86493119, 5043141.53044955, 
5043141.74757398), c(268830.570465308, 268832.303470811, 268834.858541221, 268837.124004743, 268837.745339397, 268840.517384744, 268843.563488882, 268846.270903375, 268848.502483017, 268848.278243479, 268849.50152043, 268850.623209918, 268852.801265199, 268855.311435021, 268857.797850172, 268859.577828842, 268863.006506756, 268867.371107393, 268870.639390169, 268872.738573389, 268875.836751081, 268879.351700391, 268881.135014949, 268883.16445607, 268884.144306591, 268887.123200112, 268885.281279658, 
268885.038229265, 268886.931649217, 268889.978791535, 268892.579790964, 268894.640684731, 268897.12983542, 5043098.10791204, 5043097.00410152, 5043095.55800744, 5043094.74653991, 5043094.61963993, 5043093.02661506, 5043094.4465663, 5043097.65319941, 5043100.56649844, 5043102.72031858, 5043105.17521578, 5043107.06934227, 5043109.08581235, 5043111.33197309, 5043112.93385002, 5043115.12628589, 5043118.14503345, 5043119.94113426, 5043120.86055607, 5043121.19913303, 5043123.16473588, 5043125.11497564, 
5043126.79108067, 5043128.0681476, 5043129.17592457, 5043131.44946541, 5043136.35604249, 5043138.54240633, 5043141.61774753, 5043143.10356291, 5043142.90369423, 5043142.20378364, 5043141.80005893), c(268908.121393377, 268910.064250469, 268912.698855273, 268916.672654694, 268917.593148294, 5043141.74757398, 5043144.54699693, 5043148.08954967, 5043151.1667799, 5043151.83631756), c(268917.593148294, 268920.210540415, 268923.01141798, 268927.606536433, 268931.214158718, 268933.745404786, 268936.975380638, 
268938.310749974, 268939.083385849, 5043151.83631756, 5043153.74012653, 5043156.13265749, 5043159.08299947, 5043160.71786742, 5043161.45649687, 5043161.33745522, 5043160.76829012, 5043160.12240561), c(268939.083385849, 268939.221693752, 268945.104759182, 268951.483482185, 268957.557279646, 268964.198828485, 268971.770460456, 268979.789479113, 268989.089423571, 268999.153152232, 269013.500255841, 269030.794395873, 269044.419781434, 269060.572557364, 269072.090205494, 269084.546489577, 269094.571917899, 
269102.217115502, 269109.303895802, 269118.785056933, 269126.060862778, 269132.222646851, 269140.258840051, 269147.102091757, 269155.555081138, 269165.381711194, 269171.986413239, 269176.416422404, 269185.04266362, 269193.795852905, 269205.007615357, 269211.035527091, 269216.789087126, 269225.428489403, 269233.296486449, 269238.603149657, 269246.560044554, 269254.544688339, 269258.981653743, 269262.920188414, 269268.113020871, 269276.436377107, 269283.423473436, 269291.122302181, 269298.319272629, 
269308.77679963, 269318.655016613, 269326.773407083, 269333.88806841, 269338.494020982, 269341.913550488, 269346.909785407, 269352.258040937, 269358.065003732, 269363.971072903, 269373.750585629, 269381.818200092, 269388.041955206, 269394.373718457, 269401.457742083, 269406.936859125, 269413.218956163, 269418.694248583, 269425.762976759, 269431.045154895, 269435.856533866, 5043160.12240561, 5043160.00678722, 5043159.68598167, 5043160.07484556, 5043160.68293286, 5043159.71025379, 5043158.49532865, 
5043158.09584745, 5043158.48109851, 5043159.77413101, 5043161.22133551, 5043163.36592312, 5043165.04776329, 5043167.36446181, 5043171.30778118, 5043172.40882779, 5043172.6635204, 5043172.93894737, 5043172.03280289, 5043170.23205166, 5043167.86737552, 5043163.78970637, 5043158.19031389, 5043154.19470075, 5043148.5799751, 5043143.43463166, 5043140.63235124, 5043137.88863821, 5043133.3516804, 5043130.22170491, 5043128.69107485, 5043128.0532184, 5043128.46536743, 5043130.74710752, 5043131.91336168, 5043132.93992126, 
5043133.68695929, 5043132.35318741, 5043132.26880072, 5043131.55934162, 5043129.75535029, 5043127.27164808, 5043126.09089996, 5043125.49562249, 5043125.43877127, 5043126.09387371, 5043128.018187, 5043130.3192323, 5043133.69711291, 5043136.03643755, 5043138.81381418, 5043142.66219935, 5043149.48145622, 5043152.77365425, 5043155.56254225, 5043157.99404185, 5043161.7528579, 5043163.60370958, 5043165.55458283, 5043168.10172698, 5043169.56402661, 5043170.16488517, 5043171.52334573, 5043173.65511976, 5043175.43664755, 
5043177.74030807), c(268897.785711941, 268901.726556718, 268905.568133435, 268910.912293124, 268915.899932091, 268920.336792723, 268923.388141532, 5043104.62508207, 5043106.17336613, 5043109.41885478, 5043111.72186662, 5043115.32833988, 5043119.35833845, 5043123.11682335), c(268923.388141532, 268923.669134835, 268926.807547619, 268931.004955666, 268932.539021313, 268938.372986012, 268942.754178546, 268947.218382238, 268950.437910193, 268953.774521207, 268957.739737628, 268961.644926725, 268968.006808523, 
268973.006930544, 268975.975139948, 268979.385933932, 5043123.11682335, 5043124.15484827, 5043126.98270889, 5043131.10217587, 5043134.38549816, 5043136.97822996, 5043140.34650759, 5043142.92389783, 5043144.66007076, 5043145.1822639, 5043145.1974272, 5043145.77931581, 5043147.15776541, 5043148.90897768, 5043150.41248886, 5043152.94806813))"
NF Reference,2021,4,131.6,5,1,4,0,1,1,0,0,4,2,3.8,3.04,0,0.76,0.76,0,0,3.04,1.52,50.6,0,37.2,12.2,0,0,50.6,49.4,1.02,0.9,0,2.4,0,3.3,97.6,15.5,18,50.8,15.7,66.5,NA,NA,NA,2,1,0.76,4.56,3.38,2.01,1.73,0,0,3,15,17.22,20.72,17,21.78,22.73,7.58,5,5.8,1.01,1.01,55.24,1.01,NA,0.34,1.14,0.7525,0.415,11.3,82.1,1278.42,"list(c(269435.856533866, 269437.045634218, 5043177.74030807, 5043178.30964329), c(269437.045634218, 269441.714108708, 5043178.30964329, 5043180.4257137), c(269441.714108708, 269446.888264762, 5043180.4257137, 5043182.10723548), c(269446.888264762, 269449.27917415, 5043182.10723548, 5043183.83551609), c(269449.27917415, 269453.378450011, 5043183.83551609, 5043185.29763635), c(269453.378450011, 269454.539757618, 5043185.29763635, 5043185.75189492), c(269454.539757618, 269454.755052233, 269455.356206902, 
269456.010824024, 269457.216950055, 269457.302301963, 5043185.75189492, 5043186.08148511, 5043188.2431412, 5043191.85867112, 5043196.28582681, 5043196.64938674), c(269457.302301963, 269458.330339011, 269459.204793267, 269460.600204949, 269462.362761738, 5043196.64938674, 5043201.02835496, 5043204.94775879, 5043208.84800347, 5043211.73576644), c(269462.362761738, 269463.486756134, 269468.150286678, 269471.942093425, 269476.597974197, 269480.809648099, 269483.673193234, 269486.569309396, 269488.645576917, 
269494.167547408, 269499.569113948, 269501.34428865, 5043211.73576644, 5043213.57731395, 5043218.39726237, 5043222.20938282, 5043226.82163484, 5043228.27966752, 5043229.1420894, 5043230.89038316, 5043232.34625148, 5043236.47043048, 5043238.66355167, 5043239.74000024), c(269501.34428865, 269504.904665249, 269509.855097428, 269515.009596855, 5043239.74000024, 5043241.89898037, 5043243.17280491, 5043243.6724246))"
NF Reference,2021,5,293.1,2,1,1,0,1,0,0,0,1,1,0.68,0.34,0,0.34,0,0,0,0.34,0.34,2.5,0,97.5,0,0,0,2.5,97.5,0.03,0.3,0,0,0,0.3,99.7,0.3,10.3,69.5,20,89.5,NA,NA,NA,12,10,3.41,18.39,15.01,6.9,6.01,0,0,1,6,7.68,9.9,18,26.07,16.8,9.83,2.88,3.4,1.07,1.07,34.49,1.07,NA,0.41,0.82,0.82,0.31,11.3,82.1,1278.42,"list(c(269515.009596855, 269515.29975782, 269521.342839192, 269525.572678432, 269530.987992705, 269536.363116045, 269541.924164753, 269546.66733177, 269551.649201978, 269555.008480461, 269559.170759109, 269561.511037312, 269564.094055053, 269568.302155175, 269572.139297193, 269576.980192951, 269583.556864674, 269592.486826136, 269599.996268497, 269608.933865551, 269616.23492428, 269623.759630117, 269631.746891965, 269639.571554467, 269650.699817968, 269659.141983405, 269669.073345189, 269677.507863152, 
269687.050330579, 269697.33739238, 269706.135250386, 269715.588769298, 269722.457773033, 269730.815970816, 269740.200824484, 269748.335380893, 269756.670691938, 269762.25126237, 269768.881376547, 269775.087100178, 269778.317465645, 5043243.6724246, 5043243.7005497, 5043243.47838597, 5043242.1790225, 5043241.87788789, 5043240.63194294, 5043238.56228622, 5043237.03609171, 5043232.06953109, 5043226.95463755, 5043220.97832328, 5043216.52480857, 5043212.99826248, 5043208.26811648, 5043204.79946296, 5043200.25403649, 
5043197.51660634, 5043196.35650911, 5043196.28851097, 5043195.33613328, 5043195.27581239, 5043195.62323479, 5043197.201528, 5043200.03366269, 5043201.91251951, 5043204.51401066, 5043207.89270339, 5043210.28652018, 5043211.59976635, 5043213.30162524, 5043214.22630051, 5043215.9588061, 5043215.49852518, 5043215.81545657, 5043215.67874146, 5043215.58795907, 5043215.28183916, 5043213.82904306, 5043212.54568473, 5043211.06994247, 5043210.54645942), c(269778.317465645, 269778.405972729, 269782.698119698, 
269784.969835882, 5043210.54645942, 5043210.53211681, 5043208.08677433, 5043207.44442143))"
Sheep Creek,2021,1,266.8,12,1,3,0,4,5,0,0,3,9,4.5,1.12,0,1.5,1.87,0,0,1.12,3.37,11.1,0,68.1,20.8,0,0,11.1,88.9,0.13,10.3,0.5,2.1,0,12.9,87.9,6.6,27.7,44.3,21.4,65.7,30.1,78.1,176.8,18,14,5.25,12.36,10,2.09,1.7,0.41,0.41,1,6,9,9.9,24,21.36,11.99,4.14,1.73,1.6,1.04,1.04,27.6,1.04,19.41,0.37,0.8,0.693333333,0.323333333,9,53.1,1275.22,"list(c(269143.042778728, 269142.719000913, 269142.807851841, 269142.562784653, 269142.474041555, 5043149.93308122, 5043148.35602057, 5043147.16101153, 5043145.31622127, 5043144.07523401), c(269142.474041555, 269142.471491079, 269142.409814486, 269142.632962466, 269143.19205393, 269143.22856524, 269143.315793488, 269143.275216976, 269143.134829692, 269142.869883629, 269142.870457045, 5043144.07523401, 5043144.03956804, 5043142.36457788, 5043141.20876108, 5043139.55505076, 5043138.14127489, 5043136.90218521, 
5043135.8002168, 5043134.39295384, 5043133.21096965, 5043133.20429383), c(269142.870457045, 269143.024867299, 269143.585582981, 269144.367422564, 269145.242202847, 5043133.20429383, 5043131.40661783, 5043129.79698383, 5043128.17920737, 5043127.01459105), c(269145.242202847, 269145.25394247, 269148.456777076, 269150.039937263, 269152.953088634, 269155.695835096, 269157.68148772, 269159.559216271, 269162.157526866, 269164.578939316, 269166.492375051, 269166.677756459, 5043127.01459105, 5043126.99896181, 
5043122.57751842, 5043119.87090926, 5043117.20360621, 5043114.71913247, 5043113.32186246, 5043111.39890261, 5043109.80252142, 5043108.21265409, 5043107.25943162, 5043107.2451946), c(269166.677756459, 269168.700372267, 269171.392812402, 269172.696022152, 269173.108243275, 269173.86452572, 269175.217235587, 269177.087660334, 269177.423532391, 5043107.2451946, 5043107.08986101, 5043108.05006108, 5043109.76762764, 5043111.34144262, 5043112.63775815, 5043113.2941742, 5043113.57842107, 5043113.64909813
), c(269177.423532391, 269179.22992494, 269181.008654009, 269184.581126751, 269186.540000326, 269189.016589455, 269189.974608954, 5043113.64909813, 5043114.02921496, 5043114.22856152, 5043113.83220813, 5043114.11320148, 5043114.02202708, 5043113.66409435), c(269189.974608954, 269191.113416648, 269192.7217612, 269192.559490607, 269192.252774541, 269192.28038518, 269192.157059524, 269192.590396791, 269193.547943572, 269194.511982061, 269195.443567845, 269196.539073687, 269199.194231174, 269201.312200899, 
269202.722571633, 269204.32931701, 269206.328809, 269209.737020715, 269212.437632128, 269216.664621992, 269219.187503649, 269221.526995081, 269223.002225777, 5043113.66409435, 5043113.23861625, 5043108.80968169, 5043104.40178852, 5043100.88198407, 5043096.82020505, 5043093.47020015, 5043090.80592126, 5043087.94578824, 5043085.26197046, 5043081.69656971, 5043077.77202193, 5043072.90727973, 5043067.88575447, 5043062.89027407, 5043058.41722948, 5043054.98906156, 5043051.33248098, 5043047.70194716, 5043044.63317516, 
5043043.39269446, 5043041.98240854, 5043040.95517325), c(269223.002225777, 269224.204065376, 269226.340698533, 269228.87902577, 269231.068419896, 269234.004360078, 269234.911190239, 5043040.95517325, 5043040.11830666, 5043038.00926293, 5043034.78195575, 5043031.69990877, 5043029.649724, 5043029.38798722), c(269234.911190239, 269237.509943868, 269240.609810294, 269242.96313625, 269244.078151978, 269244.681931035, 269246.629545423, 269247.908489297, 269248.827141179, 269251.247068868, 269253.043748559, 
269254.689483932, 269256.315754467, 269258.701549431, 269260.902086286, 5043029.38798722, 5043028.63791442, 5043026.2285852, 5043022.78739193, 5043019.39177314, 5043016.54463965, 5043011.70591799, 5043007.95114669, 5043004.03307622, 5042997.58794688, 5042993.4609994, 5042990.04583607, 5042986.10171439, 5042983.54210244, 5042981.51751569), c(269260.902086286, 269261.100323889, 269264.049274956, 269266.059326426, 269267.305414096, 5042981.51751569, 5042981.33512884, 5042979.63758261, 5042978.90151895, 
5042978.64711125), c(269267.305414096, 269267.641720193, 269269.571431518, 269271.832239471, 269273.391924469, 269275.295683481, 269277.720420069, 269278.693233534, 5042978.64711125, 5042978.57844931, 5042978.06604079, 5042976.92349552, 5042975.98330978, 5042974.76562563, 5042973.26393347, 5042972.39352939), c(269278.693233534, 269278.749397385, 269279.942301698, 269281.312109703, 269282.780102107, 269284.336546608, 269285.555405202, 5042972.39352939, 5042972.343278, 5042971.06347402, 5042969.77716037, 
5042968.75207122, 5042967.72372749, 5042967.14920194))"
Thomas,2019,1,136.9,5,1,2,1,2,0,0,0,2,2,3.65,1.46,0.73,1.46,0,0,0,1.46,1.46,27,6.7,66.3,0,0,0,27,66.3,0.41,14.7,0,11.1,0,25.8,76.8,6.2,59.7,27,7,34,13,46.5,121.2,1,1,0.73,1.32,1.32,0.23,0.23,0,0,1,8,16,40,9,17.32,40.23,0,0,0,1.01,1.01,11.36,1.01,NA,0.37,1.4,1.175,0.83,NA,NA,1216.95,"list(c(266665.786224351, 266666.62654162, 266671.837452056, 266675.836614604, 266679.82989579, 5040860.73409108, 5040862.11252571, 5040868.49121609, 5040872.42539685, 5040875.81325426), c(266679.82989579, 266679.89633671, 266684.560053022, 266691.239372134, 266694.529204595, 5040875.81325426, 5040875.86962209, 5040879.07180337, 5040881.611746, 5040882.30922171), c(266721.136931239, 266724.858624051, 266726.39981789, 5040901.49736419, 5040905.95449271, 5040908.94635678), c(266644.602165121, 266648.795102606, 
266651.189978659, 266653.253564051, 266656.425019009, 266661.105896774, 266665.786224351, 5040807.48646703, 5040817.76414966, 5040827.5338035, 5040837.81369457, 5040845.86155506, 5040853.05661536, 5040860.73409108), c(266694.529204595, 266694.771870605, 266703.74404581, 266713.454195356, 266720.019756831, 266721.136931239, 5040882.30922171, 5040882.36066928, 5040888.21715086, 5040895.02606967, 5040900.15942893, 5040901.49736419))"
Thomas,2019,2,154.2,9,1,5,1,3,0,0,0,5,3,5.84,3.24,0.65,1.95,0,0,0,3.24,1.95,42.2,11.2,46.6,0,0,0,42.2,46.6,0.91,3.3,0,5.9,0,9.2,91.8,23.9,33.9,29.4,12.8,42.2,NA,NA,NA,6,6,3.89,9.71,9.71,3.81,3.81,3.81,3.81,2,14,36,75.2,20,45.71,79.01,1.6,0.82,1,1,1,18.55,1,NA,0.32,3,1.84,1.518,NA,NA,1216.95,"list(c(266726.39981789, 266729.086674755, 266732.430891974, 266733.719617724, 5040908.94635678, 5040914.16226219, 5040921.20789889, 5040923.92300587), c(266733.719617724, 266735.775102454, 266738.364597077, 266739.366166064, 5040923.92300587, 5040928.25353717, 5040935.72556862, 5040941.00091362), c(266739.366166064, 266739.387394209, 266740.666801079, 266740.756493362, 266741.481923679, 5040941.00091362, 5040941.11272405, 5040950.41955207, 5040951.07200399, 5040959.07041577), c(266741.481923679, 
266741.490768271, 266741.977107673, 5040959.07041577, 5040959.16793406, 5040965.81689322), c(266741.977107673, 266742.176714659, 266742.738481126, 266742.74103957, 5040965.81689322, 5040968.54580885, 5040973.99428052, 5040974.10666756), c(266742.74103957, 266742.863234201, 266743.322463949, 266743.313656854, 5040974.10666756, 5040979.47441451, 5040984.86040333, 5040984.97671769), c(266743.313656854, 266742.538010894, 266742.761119704, 5040984.97671769, 5040995.22062036, 5041002.17052971), c(266742.761119704, 
266742.762503974, 266743.674719368, 266744.703612395, 266746.549168543, 266748.722304361, 266751.131177155, 266751.901742002, 5041002.17052971, 5041002.21365011, 5041012.60538393, 5041023.32209491, 5041029.62679077, 5041035.32180988, 5041041.70514617, 5041043.75223482), c(266751.901742002, 266754.162523383, 266757.58327235, 5041043.75223482, 5041049.75825163, 5041057.75940337))"
Upper NF,2021,1,223,10,1,3,0,2,5,0,0,3,7,4.48,1.35,0,0.9,2.24,0,0,1.35,3.14,10.4,0,46.5,43.1,0,0,10.4,89.6,0.12,18,0,2.7,0,20.7,79.2,10.1,20.8,47.4,21.6,69,30.2,82.9,286.1,18,9,4.04,66.47,32.89,21.64,11.12,4.79,0.05,2,20,18.04,23.44,38,84.51,45.08,19.09,19.13,8.6,1.01,1.01,31.59,1.01,21.53,0.42,1.3,0.963333333,0.453333333,10.5,92,1454.14,"list(c(268765.347942764, 268767.148682659, 268768.284367095, 268769.343465418, 268770.504538981, 268770.700624841, 5051363.98166771, 5051361.37981593, 5051359.44711472, 5051357.7750689, 5051356.52895859, 5051356.38794975), c(268770.700624841, 268771.512439077, 268772.986208458, 268773.037408062, 268773.425596293, 5051356.38794975, 5051355.80415982, 5051353.68707427, 5051352.73982661, 5051352.20255834), c(268773.425596293, 268773.611598785, 268773.889386487, 268773.835438374, 268774.518376302, 268775.494544635, 
268775.964483312, 5051352.20255834, 5051351.94512338, 5051350.13008365, 5051348.67107516, 5051346.15352253, 5051344.57048248, 5051344.24567421), c(268775.964483312, 268777.596457632, 268782.066177411, 268782.854267367, 268784.567328776, 268786.219669938, 268789.237042137, 268792.825439055, 268794.994431271, 268798.014983359, 268800.113736052, 268802.425343207, 5051344.24567421, 5051343.11770041, 5051338.07525439, 5051336.06946024, 5051333.4278747, 5051331.47606651, 5051329.13002211, 5051325.90344971, 
5051323.93254012, 5051321.67232203, 5051320.13371876, 5051319.06555627), c(268802.425343207, 268802.741828684, 268806.004406691, 268808.498360443, 268812.239511295, 268814.963233659, 268820.655741762, 268824.518351006, 268828.399999523, 268831.009066609, 268831.294205657, 5051319.06555627, 5051318.91931269, 5051318.54086787, 5051318.36272421, 5051316.93528891, 5051315.97517766, 5051312.52043229, 5051309.71344444, 5051307.42140544, 5051305.69206201, 5051305.54709126), c(268831.294205657, 268833.378846558, 
268835.509338631, 268837.904500192, 268840.63069287, 5051305.54709126, 5051304.48721615, 5051303.80686784, 5051303.28862048, 5051302.26959209), c(268840.63069287, 268840.711167305, 268842.781384267, 268844.015901347, 268844.059814065, 5051302.26959209, 5051302.23951143, 5051299.92849696, 5051298.335909, 5051298.29847941), c(268844.059814065, 268846.440070457, 268850.368754181, 268851.643778239, 5051298.29847941, 5051296.26963704, 5051294.08329744, 5051293.6251992), c(268851.643778239, 268854.368252099, 
268857.079301423, 268861.6720431, 268865.429082046, 268868.896076572, 268874.627727664, 268880.627225748, 268885.118013623, 268889.519524226, 268893.89883566, 268897.085319481, 268906.516415616, 268909.100149147, 268911.441416292, 268912.526638439, 5051293.6251992, 5051292.6463351, 5051291.34294058, 5051289.6262291, 5051288.62794524, 5051286.78096291, 5051283.21738226, 5051279.90173292, 5051277.75909423, 5051275.53381555, 5051272.70776431, 5051270.26956548, 5051262.98120346, 5051260.56528191, 5051258.58803252, 
5051257.76967641), c(268912.526638439, 268913.958073585, 268916.828681156, 268920.38181673, 268924.916483102, 268928.47279431, 268932.976303478, 268936.117930641, 268939.951600252, 268942.394846552, 268943.919613769, 5051257.76967641, 5051256.69024487, 5051255.03720599, 5051253.18706287, 5051251.0643114, 5051249.29999736, 5051247.50068671, 5051246.1814114, 5051244.92251035, 5051243.37121417, 5051242.82492004))"
Upper NF,2021,2,212,4,1,1,0,2,1,0,0,1,3,1.89,0.47,0,0.94,0.47,0,0,0.47,1.42,10.5,0,80.6,8.9,0,0,10.5,89.5,0.12,10,0,8,0,18,82.9,2.9,19.1,52.9,25,77.9,24.6,81.8,329,12,8,3.77,23.66,19.21,8.23,7.12,3.33,3.33,3,22,277.5,476.67,34,301.16,484.9,12.38,8.15,5.8,1.02,1.02,19.29,1.02,21.53,0.38,0.78,0.78,0.49,10.5,92,1454.14,"list(c(268943.919613769, 268944.267042645, 268946.419762487, 268948.680787886, 268952.0358596, 268954.692548455, 268956.746476034, 268959.100447541, 268960.248896498, 268963.999636377, 268964.448209685, 5051242.82492004, 5051242.70044317, 5051242.62090611, 5051243.13896615, 5051242.92906564, 5051242.48714153, 5051242.06748779, 5051240.4335537, 5051238.84415788, 5051237.6742775, 5051237.65770533), c(268964.448209685, 268966.927337388, 268969.692332721, 268973.521005917, 268976.783630528, 268979.520090641, 
268982.179953852, 268984.077519368, 268985.660309701, 5051237.65770533, 5051237.56611661, 5051237.72179576, 5051237.49441056, 5051237.11605356, 5051236.4993079, 5051236.1432208, 5051236.15906518, 5051236.52714883), c(268985.660309701, 268985.990937085, 268988.602736539, 268991.737529114, 268994.668399791, 268997.149704447, 268999.535389809, 269003.773557987, 5051236.52714883, 5051236.60403748, 5051237.28103957, 5051238.11060845, 5051238.08828599, 5051237.56691607, 5051236.79125148, 5051235.16076243
), c(269003.773557987, 269004.168880773, 269007.715710019, 269013.125237005, 269018.541108839, 269023.95698523, 269030.380815998, 269036.390482769, 269042.616753407, 269048.996233149, 269055.388400178, 269065.257717623, 269073.168186288, 269078.954994217, 269083.357722118, 269089.814964997, 269093.802463736, 269096.412209399, 269101.401348856, 269107.289621438, 269112.348487381, 269117.266823993, 269118.228893042, 5051235.16076243, 5051235.00867582, 5051232.98692802, 5051230.03695418, 5051227.25863515, 
5051224.48031993, 5051220.97723961, 5051215.5987196, 5051211.4154023, 5051206.71077391, 5051202.3494528, 5051194.07823978, 5051188.80143289, 5051182.05607211, 5051175.18993048, 5051165.58368114, 5051161.48305384, 5051157.4332964, 5051152.43625164, 5051148.43733475, 5051145.32847921, 5051143.08425154, 5051142.49302705))"
Upper NF,2021,3,242.8,7,1,2,0,2,3,0,0,2,5,2.88,0.82,0,0.82,1.24,0,0,0.82,2.06,9.1,0,59.3,31.6,0,0,9.1,90.9,0.1,10.9,0,1.4,0,12.3,86.5,3.5,20.9,60.2,15.5,75.7,NA,NA,NA,20,12,4.94,34.5,14.82,9.25,4.05,0.07,0.07,1,18,90,90,38,124.5,99.25,14.5,7.87,6,1.03,1.03,20.2,1.03,21.53,0.42,1.4,1.18,0.775,10.5,92,1454.14,"list(c(269118.228893042, 269122.325698812, 269127.779714404, 269134.004991671, 269139.681923919, 269146.016055549, 269151.14464698, 269155.297323396, 5051142.49302705, 5051139.97540209, 5051138.22706783, 5051138.68480268, 5051138.30334887, 5051137.03820347, 5051135.81756461, 5051133.93140573), c(269155.297323396, 269156.91143271, 269158.500579439, 269160.121408209, 269161.377158622, 5051133.93140573, 5051133.19827318, 5051129.52997683, 5051126.71994774, 5051124.50744615), c(269161.377158622, 269161.416805125, 
269165.066269923, 269168.077542215, 269169.18639101, 5051124.50744615, 5051124.43759317, 5051120.52135747, 5051118.00378062, 5051117.60925921), c(269169.18639101, 269171.311723323, 269177.084869693, 269181.35237956, 269185.302374001, 269188.00311486, 5051117.60925921, 5051116.85308005, 5051114.40545526, 5051113.21662084, 5051112.77003169, 5051112.35185673), c(269188.00311486, 269188.217459383, 269192.216551725, 269195.201322569, 269200.055181454, 269204.226490517, 269208.716901131, 269213.889859932, 
269217.226182428, 5051112.35185673, 5051112.31866829, 5051113.20240286, 5051114.6392376, 5051115.31954292, 5051116.19692866, 5051116.37498984, 5051116.35597843, 5051115.56195001), c(269217.226182428, 269218.163708014, 269223.407539801, 269227.29261068, 269233.072115326, 269233.633126155, 5051115.56195001, 5051115.33882387, 5051112.56700041, 5051110.36098328, 5051108.08506374, 5051107.80147288), c(269233.633126155, 269237.47385528, 269244.255025591, 269248.095774268, 269252.957188212, 269259.834599313, 
269263.923840682, 269265.296509933, 269266.547623897, 269268.417964698, 269272.127340883, 269275.22224608, 269277.928382338, 269282.268095511, 269284.846350334, 269286.14305848, 269288.038761151, 269289.283567548, 269290.34348743, 269290.931064305, 269290.956657962, 5051107.80147288, 5051105.85998712, 5051102.68767667, 5051099.28008915, 5051095.49106725, 5051090.25256002, 5051081.89401554, 5051077.03049097, 5051073.54655806, 5051068.14900048, 5051061.17956228, 5051056.25248716, 5051050.13652727, 
5051041.5538449, 5051036.64582094, 5051029.72239292, 5051025.01143154, 5051021.3558196, 5051017.3632459, 5051014.59132655, 5051014.43389265))"
Upper NF,2021,4,341.1,18,6,4,2,1,3,3,5,7,4,5.28,1.17,0.59,0.29,0.88,0.88,1.47,2.05,1.17,14.7,8,11.3,10.7,10.4,44.9,25.1,22,0.67,22,3.1,3.8,14.3,43.2,60.1,13.2,12.5,26.6,47.8,74.4,NA,NA,NA,9,9,2.64,40.32,40.32,18.8,18.8,6.05,6.05,2,17,125,167.5,26,165.32,186.3,3.1,1.48,0.9,1.03,1.07,70.76,1.88,21.53,0.29,0.78,0.76,0.415,10.5,92,1454.14,"list(c(269286.686600498, 269285.205285217, 269283.427327669, 269281.698758408, 269280.397581953, 269278.88587526, 269276.903719702, 269275.147926022, 269273.058767536, 269272.637707589, 269270.291488358, 269268.326440562, 269266.910037541, 5051010.56344794, 5051010.14539521, 5051009.8672039, 5051009.75908153, 5051009.54924744, 5051009.47609816, 5051009.50625005, 5051009.82885998, 5051010.46457724, 5051010.73794675, 5051012.58638139, 5051014.24886358, 5051015.59029669), c(269290.956657962, 269291.493312619, 
269293.403273357, 269294.19219875, 269294.872799768, 5051014.43389265, 5051011.13277896, 5051006.80803405, 5051002.48166787, 5051001.43235977), c(269294.872799768, 269295.334444041, 269297.254863869, 269300.211794755, 269303.857623299, 269306.326378495, 269306.928496649, 5051001.43235977, 5051000.72062575, 5050999.01682326, 5050997.36073178, 5050995.67922995, 5050994.81465677, 5050994.5341801), c(269306.928496649, 269308.530466378, 269311.021383931, 269314.976206457, 269316.100219071, 5050994.5341801, 
5050993.78795632, 5050993.52418521, 5050993.20641836, 5050993.5343776), c(269316.100219071, 269317.852727611, 269318.346494044, 269320.391131296, 269323.394916822, 269324.264895452, 269324.438630274, 5050993.5343776, 5050994.04571696, 5050994.24483797, 5050995.06937867, 5050997.02127473, 5050999.56754593, 5051000.00134157), c(269324.438630274, 269324.739774811, 269326.931032969, 269330.285591411, 269333.493248353, 269334.282854083, 5051000.00134157, 5051000.75326458, 5051002.8855335, 5051004.99638251, 
5051007.80021186, 5051008.63543566), c(269334.282854083, 269335.377569995, 269338.295231827, 269341.021675482, 269344.759300787, 269348.382324948, 269350.251460642, 269351.102771974, 5051008.63543566, 5051009.79339737, 5051011.74847116, 5051013.19492739, 5051014.00247562, 5051014.04074685, 5051013.2842525, 5051012.94287544), c(269336.2559635, 269334.144642893, 269331.773404214, 269328.148796617, 5051014.32146268, 5051014.35636052, 5051014.35787305, 5051014.27669726), c(269351.102771974, 269352.375766738, 
269354.089155269, 269354.711578888, 269355.446086588, 269355.831407906, 5051012.94287544, 5051012.43240301, 5051009.79086138, 5051007.96305928, 5051004.49816494, 5051002.93920659), c(269355.831407906, 269356.046354449, 269357.545259055, 269358.726155663, 269359.766481459, 269361.135430296, 269362.498050023, 269363.143287697, 269363.763205135, 269364.071770907, 269364.416873875, 269363.983801013, 269363.876186581, 269363.263104468, 5051002.93920659, 5051002.06956214, 5050999.45741384, 5050996.4057798, 
5050994.21878186, 5050991.58993773, 5050988.78943557, 5050985.24187897, 5050981.00769039, 5050975.34539285, 5050973.01213571, 5050970.62162902, 5050967.70344543, 5050966.32505346), c(269364.385893396, 269365.331216665, 269365.932091476, 269366.352829275, 269367.194304538, 5050990.29369127, 5050991.37611991, 5050992.47125074, 5050993.35816105, 5050995.13198135), c(269363.263104468, 269362.935934257, 269362.598468393, 269362.522504893, 269362.886599275, 269362.743514246, 269362.784228009, 5050966.32505346, 
5050965.58947721, 5050963.45327917, 5050961.39338264, 5050959.57509466, 5050958.03334697, 5050957.8799914), c(269362.784228009, 269363.273503761, 269364.055501114, 269365.514530701, 269366.899317929, 269368.577259765, 269369.468900249, 5050957.8799914, 5050956.03704865, 5050953.85956478, 5050951.33481645, 5050949.13510258, 5050947.86998326, 5050946.50714103), c(269312.538319251, 269313.470357934, 269315.273016775, 269316.565335414, 269320.00032667, 269323.358703072, 269326.203571839, 269328.21264341, 
269333.07924467, 269337.451329561, 269340.286055344, 269342.996682013, 269344.049019901, 269344.707222156, 5050989.06352869, 5050986.27889473, 5050983.71998335, 5050981.35178655, 5050980.96725151, 5050980.84338087, 5050980.82439746, 5050981.52380635, 5050982.54755049, 5050984.19115502, 5050986.23524315, 5050987.25256341, 5050987.72942508, 5050988.4400499), c(269344.707222156, 269345.665511103, 269347.087619684, 269348.309015428, 269350.397862238, 269351.692708372, 269353.759397665, 5050988.4400499, 
5050989.47466184, 5050990.62544963, 5050991.01013141, 5050991.5347128, 5050991.57290487, 5050991.49668693), c(269331.214549636, 269335.700003569, 269338.784219059, 269341.606932597, 269342.860632277, 269343.696432298, 269344.40496998, 269345.065380392, 269345.725790971, 269347.301784507, 269348.128089785, 269348.090105642, 269347.506958633, 269347.523433363, 269347.555734899, 269348.704333977, 269351.415620715, 269354.142734802, 269357.21746505, 269359.440565797, 269360.387804071, 5050978.74877554, 
5050974.1141713, 5050973.57069263, 5050972.95091424, 5050971.87332926, 5050971.15493932, 5050969.3239492, 5050968.52608195, 5050967.72821468, 5050966.03712367, 5050965.06124678, 5050964.03129878, 5050962.24794419, 5050960.3565294, 5050958.89425946, 5050957.30487475, 5050956.0016427, 5050955.12755728, 5050954.32659944, 5050953.8148868, 5050953.77995487), c(269331.001733509, 269332.574549374, 269333.796586968, 269335.742985268, 269336.639569691, 269340.476627729, 269343.14610264, 269344.707222156, 
5050998.69596542, 5050996.91904959, 5050994.98318057, 5050991.64546934, 5050990.23727528, 5050989.06441395, 5050988.96596116, 5050988.4400499), c(269344.707222156, 269346.297430918, 269349.458256178, 269351.681344672, 269352.781810515, 269353.888607097, 269356.025584223, 269357.901059988, 269358.841963196, 5050988.4400499, 5050987.90433904, 5050987.10020448, 5050986.58849086, 5050986.03223388, 5050985.64763448, 5050985.13909807, 5050984.55426066, 5050984.34767089), c(269344.63727019, 269346.126500309, 
269347.686015467, 269350.068668212, 269351.58703436, 269352.091046305, 269353.689194688, 269355.226553429, 269357.873875528, 269360.109628116, 5050982.63694785, 5050983.26958849, 5050983.46990989, 5050982.60852886, 5050981.69307743, 5050981.33070784, 5050980.24042346, 5050979.83994539, 5050979.14069749, 5050978.97230166), c(269352.969377026, 269354.637165456, 269355.951008154, 269357.475058001, 269358.667318501, 269359.419521124, 269360.324956874, 5050965.39837789, 5050966.19632901, 5050966.7494963, 
5050968.32625987, 5050970.25904165, 5050971.95021455, 5050973.12006254))"
Upper NF,2021,5,259.2,3,1,1,0,1,1,0,0,1,2,1.16,0.39,0,0.39,0.39,0,0,0.39,0.77,5.5,0,90.8,3.6,0,0,5.5,94.4,0.06,9.1,0,1.7,0,10.8,89.3,0.6,19.6,60.9,18.9,79.8,24.1,109,360.2,20,16,6.17,78.45,65.56,33.93,30.37,0,0,1,5,24,31.2,25,102.45,65.13,11.17,5.37,4.3,1.02,1.02,4.76,1.02,21.53,0.42,0.75,0.75,0.31,10.5,92,1454.14,"list(c(269369.468900249, 269369.556805826, 269371.732434963, 269374.268341075, 269376.834201813, 5050946.50714103, 5050946.37278038, 5050944.57363296, 5050943.19093056, 5050940.70382671), c(269376.834201813, 269376.849216772, 269378.667739197, 269378.191944024, 269376.904076247, 269376.592593329, 269382.455924126, 269388.440853297, 269396.601442276, 269403.109406936, 269410.445963076, 269415.907937788, 269424.228169299, 269434.347999483, 269442.674608506, 269448.098677574, 269459.345983687, 269464.55989555, 
269473.90730592, 269484.551904409, 269490.486422607, 269496.721128364, 269500.486284008, 269504.461633287, 269508.790936624, 269513.179908878, 269516.453704017, 269519.370392752, 269521.13840743, 269522.415036561, 269523.015397431, 269522.822305588, 5050940.70382671, 5050940.68927263, 5050938.55951052, 5050935.01029338, 5050932.82318418, 5050929.05303939, 5050924.36763108, 5050918.30260132, 5050910.43842514, 5050904.52600696, 5050895.36004591, 5050889.14240791, 5050880.92856655, 5050870.06997954, 
5050862.02780211, 5050854.78019845, 5050844.0949227, 5050835.82369533, 5050827.40010917, 5050816.73705697, 5050809.29873917, 5050800.64608836, 5050795.17856636, 5050790.73467086, 5050786.53557521, 5050782.78550832, 5050778.02367458, 5050772.93120658, 5050769.4281311, 5050766.63074707, 5050764.20207502, 5050763.53706373), c(269522.822305588, 269522.620331413, 269522.653396333, 269522.737066993, 269522.591576078, 269522.981754085, 5050763.53706373, 5050762.84146168, 5050759.05852062, 5050756.64888547, 
5050752.70062368, 5050749.24831082))"
